Title,Source,Published,Target Accounts,Link
Interpath open to M&A after Bridgepoint takeover - Private Equity News,"""""SDC Capital Partners"" OR ""Bruckmann Rosser Sherrill"" OR ""Golden Gate Capital"" OR ""H.I.G. Capital"" OR ""Riverside Company"" when:2d"" - Google News","Thu, 29 Jan 2026 14:23:32 GMT",Bridgepoint,https://news.google.com/rss/articles/CBMikwFBVV95cUxPTDB5RTN6VWtRWjE5d3NMVkh3Y0l6NkFrWVdMa2hrT0t5MmJZUjRrNURRSlgyWGVFaUZDRE5MbENVaTZPUm9KUTdPY3FMOHF2UXJtVF9Da0NXV2tJWG1NSG9IMFpXRGNsc1BFQTJLbVhwbkFHTjMyWm8zSXZUTHRqM1pTbHkzVjlXTmFxRE91WWhiQWPSAZgBQVVfeXFMTUgxOUtqZWE0RTM3V29RV2VBSEVXS3BXM0RhNFZMeTA3VlZQWjhZZVh5RHZTLXp3OGh2UjdFeU1VNmdaLWdjWHI5bUFXei16bTRSNFVxMTdhUFcta01kTGdXaEU2eGhLQjVEUTJlWnkzaDk5bzBiNmhsM3g5bDJiTFJTeUpsb1NHUEM2M2VxTzdtMW1CbkxrTmc?oc=5
"GTCR, Vista Equity back dental care M&A; Secondaries now foundational, not optional, says West Monroe - pehub.com","""""GTCR"" OR ""GI Partners"" OR ""Bain Capital"" OR ""Welsh Carson Anderson & Stowe"" OR ""Owl Rock Capital"" when:2d"" - Google News","Fri, 30 Jan 2026 04:32:55 GMT","GTCR, Vista Equity Partners",https://news.google.com/rss/articles/CBMiugFBVV95cUxPcnAwZHpDZnVaNnJaYWZyUjBFWEtIRTdsVzQ3U2UwRkM2Wm5wOUxNRHlmN3JiUjVEMG9remhkQ2pDc0hTeVktNGxyUzMyUldvSm8wWEVrLWY0UjlWdGd1XzlwZ1h4Z2tJWmNOUlEyejZwNUNKNmpKLUtBMThtbGczUXNWRUJGY0VidWExVDFWV2lsZE1uVVlhYU9uQ1Z0WmpaWW9YcXo4bnQ3ZGNDOUtCTlFmemxxd3hpVEE?oc=5
Bain Capital Specialty Finance issues $350 million in 5.950% notes due 2031 - Investing.com,"""""GTCR"" OR ""GI Partners"" OR ""Bain Capital"" OR ""Welsh Carson Anderson & Stowe"" OR ""Owl Rock Capital"" when:2d"" - Google News","Thu, 29 Jan 2026 23:01:00 GMT",Bain Capital,https://news.google.com/rss/articles/CBMi0gFBVV95cUxPTkk0dFI4RlczektnbzNJWFBaYnQwMWVQZE9RMGYzYnlXUmx3U3pGSHNlX096VUxCcTJ3S1B0dEctcHdxWXc4emNWc0pXcWZQRzhLTkdYM0FhM3J0VHJvYU5wMFpkckNfdFduMUpMbFJKcnBVUEtEbDQwXzZyMmtla0ZwNC1TbXVkQzhtc1UtdXdCVFk2QkNxZV9YX09JOUh0VnljTjhMQldzQmlvQ1JBYi0yRkEtVG40UkdMSTRuYlZZR1RWUWRLa3A3UFlRbEJ5UkE?oc=5
Bain Capital Specialty Finance Issues New Senior Unsecured Notes - TipRanks,"""""GTCR"" OR ""GI Partners"" OR ""Bain Capital"" OR ""Welsh Carson Anderson & Stowe"" OR ""Owl Rock Capital"" when:2d"" - Google News","Thu, 29 Jan 2026 22:36:04 GMT",Bain Capital,https://news.google.com/rss/articles/CBMitwFBVV95cUxNRTlIM3hMR3dCZDFKR091TFFqQzBnaHJaTGFEbGFabDBLejFiVGpJX2NCTXhJd1FLcFI0T2ctbUI1MzN4MXdIYVhGODJlN0pHTVpmYlFfY21LMkVWYUs3WkxHN0l6UGV2RjVzREhuT3VVUVRveE9rTHdJM240czRBckQ0WVExUTVLdjdYejBZYm16LWwyWXNDbUNKY3FRTDU5NERuUFIwNGY0UDFndUVBU2Zxb0lCV0k?oc=5
Bain Capital Specialty Finance Signs Fourth Supplemental Indenture With U.S. Bank Trust Company - TradingView,"""""GTCR"" OR ""GI Partners"" OR ""Bain Capital"" OR ""Welsh Carson Anderson & Stowe"" OR ""Owl Rock Capital"" when:2d"" - Google News","Thu, 29 Jan 2026 22:13:00 GMT",Bain Capital,https://news.google.com/rss/articles/CBMi7AFBVV95cUxQN3V2SVNIZEpTRkJhYUZqZHRQQ3dZVklmV3NGZnRhWEFjWlN5U1NZaWxNQlIxQUVZc212Qy1EZ002WXJLd0cwLWVpWXFxSWZTRGRJQTUtTG90M2g0aFFIcHQ5T2sxU3ZCb2tvOHNDOUppUWprZnFXSmo4VWRHbU9jWExDTjVMUW84Z0lpdnRQMGpvVEF2RGItSnhQYk5hQnNoVDZWQTVFUThkLWR6YWJueG1rOFgxMW5raU9rdnVtYThYNXh6cTc2VjFIcmpKUHUwbXNkZnQ0bnlDRG1DVDAxc3J1cFFKSFFUc2pabA?oc=5
Bain Capital and Blackstone advance in Vitabiotics bidding process - EasternEye,"""""GTCR"" OR ""GI Partners"" OR ""Bain Capital"" OR ""Welsh Carson Anderson & Stowe"" OR ""Owl Rock Capital"" when:2d"" - Google News","Fri, 30 Jan 2026 10:02:51 GMT","Bain Capital, Blackstone",https://news.google.com/rss/articles/CBMigAFBVV95cUxOR2RzRVhDaUd3SDdfTmdYeTBPbHhDSU4yQU5HWGFIYl9DbUd1N3VsSXIybEgyNWNoa01GSU5aTTY0WW5aVGd0c1JrbkF6ZENqaEYxVTM5VHJTd0JNQVVYdjBMdmF1NzQ5bkFhelZkdkttMWtoeDdIQlpITVNFSFNzRQ?oc=5
"Spring Health Joins Forces with Alma, Expanding Access to Precision Mental Health Care - Thoma Bravo","""""Advent International"" OR ""Nordic Capital"" OR ""Thoma Bravo"" OR ""Astorg"" OR ""Apax Partners"" when:2d"" - Google News","Fri, 30 Jan 2026 01:59:33 GMT",Thoma Bravo,https://news.google.com/rss/articles/CBMixgFBVV95cUxPOGxsQVVoajVOWGF4STNVREROendscmw3VUZqUEVYMXZwV0dadFNlTHZFWkxtVkVMRVJNUkVSekU1bUVwd050TVVEdmJNQjZ5dXBYa1oyRFIxaUpQVEhmNURnaHpoWnB5bWlsbXZmdnBGVnJnbkk1TjhRaXZVV3pXTW91UGg1dGF5eFlSOXdXbUVfa1J5dGNMUVhLQk54MkE5ZVpXMDBpb28wUEpNNTllc0t5RnhpQUFOd1RiVDZFSFFZSzdxS0E?oc=5
UK's Pinewood surges on $792 million deal talks with Apax Partners - TradingView,"""""Advent International"" OR ""Nordic Capital"" OR ""Thoma Bravo"" OR ""Astorg"" OR ""Apax Partners"" when:2d"" - Google News","Fri, 30 Jan 2026 08:43:23 GMT",Apax Partners,https://news.google.com/rss/articles/CBMi0AFBVV95cUxONmZVeXNuc3J6aHRUbl94VEtHSjA1NmtXRzRZa0xpc1pOUXFzTnd2eTV1TFJlQk1rY0JOQ2ZkenBENE1jZlhyQ0RXeG9ySTZIQXMxYmNORlhpZFVfdVMyY0psWUpSZE9mTnFkQUpUZ082d0o3NzdpN1FZRFhGR0Y5eUk3OHVYdTI4RUVDTVJ3MU5CS3d1UktLd2JjV0dCY1Z2elVSY1BxS2JtUHVZNmJRX3hqd3hKMW1ZbTdwY3F6T3F2enFhRGJtM2hyOTlwRWZa?oc=5
Private equity firm Apax in talks to buy Pinewood automotive software group - motortrader.com,"""""Advent International"" OR ""Nordic Capital"" OR ""Thoma Bravo"" OR ""Astorg"" OR ""Apax Partners"" when:2d"" - Google News","Fri, 30 Jan 2026 09:50:04 GMT",Apax Partners,https://news.google.com/rss/articles/CBMi4gFBVV95cUxQM2VoTUNFWThQRU9adks1VlVkSFl5djJyOGVFMU5sOUFKbElCN3JmVWd3aUJKR2c1OC1qQXptTkNKNU92bW1nQ3FvTTQ0LThzMnBRVkctZWl5RXVCQ2pNMTdOTzA2Z0dfZ0d6dmplMDc0dXVNMmlsbGdiT2JBZ2pBeWNYSWZEUk1kTFdxNWlrM1BqVU9RTTNidXFBVXZFa0ZUV2w4QVdiMklQem1SbUZOQlpEcDBTektuOFpYRk5hYUstdl93M1VSTUFUYkN6T0xwSUI0X3ZQYl9GNEJKbUJ0WnNR?oc=5
Bain Capital Specialty Finance issues $350 million in 5.950% notes due 2031 - Investing.com UK,"""""GTCR"" OR ""GI Partners"" OR ""Bain Capital"" OR ""Welsh Carson Anderson & Stowe"" OR ""Owl Rock Capital"" when:2d"" - Google News","Thu, 29 Jan 2026 23:13:52 GMT",Bain Capital,https://news.google.com/rss/articles/CBMi1gFBVV95cUxONHFYVTl0OHlsMnp4SzM1SXg2MlF2ZGwwYWdzalNBeFZGZDVYMEttSjUxLTJLYTRRSHRJbW14VFFBZjdyeTZvWWlZYXphSG15SkxtNkkwSjUyZnBPajd0MEx1cUp3b1VfS2NTM2R2OFBYd09IcFRnNzhxdm9YNlhBSjQtY3BTbm5sMUNTQmlpTjRDM3RTVVgwZ3ZhM3dOandjOVM3aTNHNnJOdkx4c1pJdEc4NGZhR1hGc1VsaF94UERlM1pXeERXNERFckFZS2Q5dzMwQ193?oc=5
US Carlyle Group agrees to buy Lukoil's global assets after sanctions pressure - MSN,"""""Reverence Capital Partners"" OR ""Sun Capital Partners"" OR ""LLR Partners"" OR ""Carlyle Group"" OR ""Gryphon Investors"" when:2d"" - Google News","Fri, 30 Jan 2026 10:27:16 GMT","Carlyle Group, The Carlyle Group",https://news.google.com/rss/articles/CBMixgFBVV95cUxPMUYxZWhZUThlaHNiSEhFeU9IUnBKZ0I1WktVVTlfVnBHOUV6UlpFa05fWFJ2a2dxX0xlSEZFa2JxV3hYdGtodmZfQ000V1VsdVg3c21VVEg3QzJWV1BUT0NPajdDUjNoVnNIczZqSlBkdjliLWIzMXAtUUhkMlE2OEpZeHliSkV5ZVZkVUZQVWswbUduT3FRVUxEYzNiUnZJQzFtYkZkdzhDODY3enhCLWxOanViVlh0dzEwaFdSM3p4SUp3cHc?oc=5
Key facts: Carlyle Group to acquire Lukoil assets for $22B; sells Iwasaki - TradingView,"""""Reverence Capital Partners"" OR ""Sun Capital Partners"" OR ""LLR Partners"" OR ""Carlyle Group"" OR ""Gryphon Investors"" when:2d"" - Google News","Thu, 29 Jan 2026 20:04:08 GMT","Carlyle Group, The Carlyle Group",https://news.google.com/rss/articles/CBMizAFBVV95cUxOXy1STlpwcnhGWlhIS1RrRXFuQjdmRU1yU3A5V1pyOG5jNGJKY3dYd1o4amZ1ODA2ZTZVUmtLLUM4Vk5OdTNvcUh3cmpmRnJaeFBWZ1E0bHBFdk5zeVZ3ZFdray1TZGlQN0EzNUF2TVVFdThFN0JpMGVfYmQ4dGIzS2ZabWxvOXFCMHp3VDg4ckNqald6S3g0eUcwekVnZFhPUW15V2wxbjFMY0Z1am95UWhleGU2bDNUbmtEWkFzeEZUVFhMejVKOWgzZGs?oc=5
Carlyle Group moves to acquire Lukoil's $22 billion global portfolio under US pressure - Moldova 1,"""""Reverence Capital Partners"" OR ""Sun Capital Partners"" OR ""LLR Partners"" OR ""Carlyle Group"" OR ""Gryphon Investors"" when:2d"" - Google News","Thu, 29 Jan 2026 20:03:45 GMT","Carlyle Group, The Carlyle Group",https://news.google.com/rss/articles/CBMiQEFVX3lxTE9WbWhucmdHVXdRMTdGMURDSzBhbDJVZUlpcXFPTmtUaV9PVC14QjBQZFFJcmJYem16eEhtY3dMdkY?oc=5
Citi taps Blackstone and KKR in private wealth push - Alternative Credit Investor,"""""Sycamore Partners"" OR ""KKR"" OR ""AURELIUS Group"" OR ""BGH Capital"" OR ""FSN Capital"" when:2d"" - Google News","Fri, 30 Jan 2026 07:08:05 GMT","KKR, Blackstone",https://news.google.com/rss/articles/CBMiowFBVV95cUxQTm5XWkVVZ2pzZFlTbmdwRExTOWdBSl9uY2ZUc2dYaWJhTWFicC0wRlNyMk81OXc1U1FwMlFqNEs4eXNxOGxFZTFJRjJkSi1QXzJuSUMyS01MZkJIQS1EejhDUGN5QnllYTZNSEk5ZjBiWG9DMjdNeHItMzV2QzVhLThVQ1NvLXNkd3JDbGZfR1ZsQTlPRW1KQmU1WC1RN3REZEpN?oc=5
Is KKR (KKR) Still Attractive After Recent Share Price Pullback? - Yahoo Finance,"""""Sycamore Partners"" OR ""KKR"" OR ""AURELIUS Group"" OR ""BGH Capital"" OR ""FSN Capital"" when:2d"" - Google News","Fri, 30 Jan 2026 05:08:00 GMT",KKR,https://news.google.com/rss/articles/CBMigwFBVV95cUxNLV9SUXlydFZ1MFVRVzhFWFRhRnJldEtZX1E3NXByS0VUVDhfUmt1LXNqeDVOUnZzY2FQR29JVDlPR19ubW1IZ1IwQkxhSHZCV3Q3NkszVi1SRVowTVdxQUxvR1hvRk5hTi1IRjdOeHVEeTRscDE1UDFHZkVvZG9CbHVUaw?oc=5
KKR Shifts From Industrial Logistics To Global Sports With New Deals - simplywall.st,"""""Sycamore Partners"" OR ""KKR"" OR ""AURELIUS Group"" OR ""BGH Capital"" OR ""FSN Capital"" when:2d"" - Google News","Fri, 30 Jan 2026 06:38:09 GMT",KKR,https://news.google.com/rss/articles/CBMizgFBVV95cUxPeUxoOVFFYzl2N3N3MTlJRThlSmMzcWJYTHVUUEstVjN2MDJUaW8zVnlReXM3YWJLenQ3ZUhPRWhRSE9ycjZlNUdnTThfeEVuMjhteVlpZWF1bVVvVlAteDJnNVljMVpEM2d3U3Z4YWk2Sk9ySGd3UFRqMDB6VlU4eFRxVEQ0ZW1CbGVSaGJQczYtWTRDTlpSUW5zVTNIQ0pseHJqREQ2aVlQRGNJemExSUoxbzZReFlDRnB5WmtTRlVUQmVpX3RVd0R1U1JyZw?oc=5
KKR & Co. Inc. $KKR Stock Position Lowered by New York State Common Retirement Fund - MarketBeat,"""""Sycamore Partners"" OR ""KKR"" OR ""AURELIUS Group"" OR ""BGH Capital"" OR ""FSN Capital"" when:2d"" - Google News","Fri, 30 Jan 2026 11:30:10 GMT",KKR,https://news.google.com/rss/articles/CBMi1gFBVV95cUxQZ3R2clVabWF6ZzZYSXNHakpQT0tmZjVLeldMYjFxZzBfdnY3eXNLbU9DMVJZT0JVZFFIakY5bktuWE9SZ1lteW9vODYwWTdjc1B0dEFwY2otWlVGdVk2U01oYmttQngyeUNkNk5mZm5keFNFMTBfTEI4MUtEcU82NEx4dVJtVkpoTDZzZm11M3V1TnRVcm5fdGw1dGdIb1hYVXphZzRVMkxaOGxJb2l5bHliRXdkWnRkVkotN1FIWjlyZjZjMzh6bEUzaG5hRG5rd3UwMlNR?oc=5
"KKR continues to invest in sports, report says - Sporting Goods Intelligence Europe","""""Sycamore Partners"" OR ""KKR"" OR ""AURELIUS Group"" OR ""BGH Capital"" OR ""FSN Capital"" when:2d"" - Google News","Fri, 30 Jan 2026 07:04:19 GMT",KKR,https://news.google.com/rss/articles/CBMinAFBVV95cUxOaVNGT2FhUXJYcEloZ0NxSUp6WXBkLWdzamhLektueXRlbEg1alZGNTZrTzlYeVQ3SHE4Tk51MXNtUkRSWlMyVzZoUDg5dTVsdG9idU1YTFNwc2RING5EcWYxT0ZscWVTa0xnOVBXTXdaRU8tTGxoaG8zNGVCd1IxUzg0TUYzcTJ6ME8xZFZPMTc1Q0lvWjhMVWh2RU8?oc=5
KKR bolsters wealth ranks with L&G hire - Citywire,"""""Sycamore Partners"" OR ""KKR"" OR ""AURELIUS Group"" OR ""BGH Capital"" OR ""FSN Capital"" when:2d"" - Google News","Fri, 30 Jan 2026 07:58:18 GMT",KKR,https://news.google.com/rss/articles/CBMimAFBVV95cUxNblFUVnlRWVd0ZllmZVFIWEdhckpMd0F2WWRXZk9SeXRCMzVxVU40YzRUT0V0dXlPamFhMVNsa0k3dzZkcDFEMC1YYmFfTHlKTWhiVkNtSlU4R3V0UTRLR0VOc2JfU0VRLTNtV2xlRlhEc2NuaHR5eE9pMGZ4UXRURDJ6dDY4LWd3SVRFeGpLT0JaOE8wOV9FRg?oc=5
KKR frontrunner to lead ‘€2.75bn’ CVC Global Sport Group investment - SportsPro,"""""Sycamore Partners"" OR ""KKR"" OR ""AURELIUS Group"" OR ""BGH Capital"" OR ""FSN Capital"" when:2d"" - Google News","Thu, 29 Jan 2026 15:53:19 GMT","KKR, CVC Capital Partners",https://news.google.com/rss/articles/CBMiqwFBVV95cUxQZUl0TS1FUlB1THFaNThWeWtRRlJEZnNoT2cweXM5S3htMUxkSmNpOUpfQXVDc2xFa3hBM2ZBUG16TDFFYWhzXzNmaUVJbEVVdkgwei1sT3o3d0RqOGhGY0NXaXF0LV9pcDNnd1VmR3huNjZLcm5va0p5Mnd5bzc3QmRudUVGcXdBU3hFeVMzVW1yRGhScm41a1NoSWpDdHBTM2Fhdm9nUzJzeW8?oc=5
KKR Credit Income Fund Posts Steady December Return and Confirms High-Yield Monthly Distributions - TipRanks,"""""Sycamore Partners"" OR ""KKR"" OR ""AURELIUS Group"" OR ""BGH Capital"" OR ""FSN Capital"" when:2d"" - Google News","Fri, 30 Jan 2026 06:53:36 GMT",KKR,https://news.google.com/rss/articles/CBMi4wFBVV95cUxNLS0yMFVrQTZ6aXhURFpBWHVEcDF2Z0ZubV9WUzhaWWJGanBUODVmRUFEcGFGc05tSGxyVFdLeWZEM2kxakViSzRxQk8yT0R6a2JkSVdSOUVfQTFHZ0VDbjFMUTB5M0RYLVdSemR4YTdtRnA0RmlMOXVZWXAzOHdYNHktcXlNT1huc0hqOHFWa0J6MFllWmp1a3k2QXZzQlFVR3ZZWV9fN1FnOXhOb21lM0VWU3ZfNHhqTjFVYW9EY1FsdjlrbzdFUktrczlOWGpERDNLTWszTVEwRWdreENoLUg3WQ?oc=5
"Key facts: KKR, Citigroup, Blackstone team up for evergreen funds; CFO to speak at 2026 Conference - TradingView","""""Sycamore Partners"" OR ""KKR"" OR ""AURELIUS Group"" OR ""BGH Capital"" OR ""FSN Capital"" when:2d"" - Google News","Thu, 29 Jan 2026 20:04:08 GMT","KKR, Blackstone",https://news.google.com/rss/articles/CBMi7AFBVV95cUxPNmc4NTBNSDllWF9rMzJSNFYyMXROVGZ4MGE3ZUk2SXhiNl9zWE1DRXhVUVZxemUxRThDUkRrcGxzY3VmTFZGc05RNEs0cFF4QVhPRzFGNy14bmsyd2YzRzcxV0R4NEZGWDd3UmdTZ0FuQlIxc01fRXN1b3E1Qzd1Qk8xamU3WjliQVB2bGRIV2NUaUJzSXJBZDRqSTAzOExTbnkyeDdvY21XS1NZS2UtendlUDZ4bzItQ0NKYTE4T3M1WjQzc0U0RzdsYTlYVkJnZkh2UWkyM1ZibHBXWS0xTkw1S0t0OEVDcmVudA?oc=5
AE Wealth Management LLC Has $13.60 Million Stock Holdings in KKR & Co. Inc. $KKR - MarketBeat,"""""Sycamore Partners"" OR ""KKR"" OR ""AURELIUS Group"" OR ""BGH Capital"" OR ""FSN Capital"" when:2d"" - Google News","Fri, 30 Jan 2026 08:08:42 GMT",KKR,https://news.google.com/rss/articles/CBMi0AFBVV95cUxPdWZMNms1M2h5ZDdLRlFGRzBQWjVRWG5hS3R2bWlsV0Z3TzQtVE1fR09UTzVBTUR3RC1LNjg2SnZNNnhHekkxR1Qxb2RZNFItUTd0RURHQTI5TVdLSkhzSHZsdThMdDlTaWw5bVhIZmlhX19fNlc4bGFwNlJvdkhxejc4UUpBdUxXWUN1MmhDYkhUcmt0eDRCTks4U2U1NlNtbkJwVG9vVWoyY1VGa1JXa0pzM2l3QV9KcERDcW9WUmc5U2c0NnhpZ3htNFJqNXpT?oc=5
KKR Shifts From Industrial Logistics To Global Sports With New Deals - simplywall.st,"""""Sycamore Partners"" OR ""KKR"" OR ""AURELIUS Group"" OR ""BGH Capital"" OR ""FSN Capital"" when:2d"" - Google News","Fri, 30 Jan 2026 06:38:11 GMT",KKR,https://news.google.com/rss/articles/CBMi0wFBVV95cUxORFpCVjNGZDgtcEtCdjhrMDhaenl1eUIxTjZmaUlpaGdTT0JKU2FDWGRVdGM1WjFGaFFIOTlkdDExWG55WVpwUzNNNXV5aU01ZzhGN3k0bFZOX0ZZMGhUSUhRZDVONlpuX3hXUnEybm1wRkYzYnFuN3FOaWJ3UUdBY3F1eFhPeWtQbEJqQnBfdmJ5bWs4Z3FIaElaekFtWFVuNlZKR3NVcFh4Uks4Y2JtZUVQQ2prMU81RXBIaFJ3QmJyUVN0SFhSVlQxTUpEMk11cTF3?oc=5
"Bank of New York Mellon Corp Acquires 48,053 Shares of Apollo Global Management Inc. $APO - MarketBeat","""""Cinven"" OR ""Apollo Global Management"" OR ""Quadrant Private Equity"" OR ""American Securities"" OR ""Thomas H. Lee Partners"" when:2d"" - Google News","Fri, 30 Jan 2026 09:21:01 GMT",Apollo Global Management,https://news.google.com/rss/articles/CBMi4AFBVV95cUxOYjdNV2pwVGNreEhQMy10T1QzOGhCdEwxanJXcWZOZUFfOGhvaG84UWd2QzFoUlZGdGFRU3hGNXd2M0x2ZmFkenptTlU1SFhWaTdfZ3V6Ymc2MW9SZEdaRld2U2JOS1JZZWdWaVNnRDd2VkJValFuN2oyNjZHeXdHZUpVWDYxaExfUEtpOFVlTFVENUFUQXFSaXFOVFd0TG5QOGJaR01SNkE0SkF6Mk9qUTNQQmJRNjdTS1Nzd1g5c3Zpb2NlOFZRZ2lCNEU5dWNqa0N6UEpwLXVkelBtRlMzeA?oc=5
ICG Enterprise Trust Q3 2026 slides: Strong realizations fuel 17.3% share price return - Investing.com,"""""Kelso & Company"" OR ""SK Capital Partners"" OR ""Leonard Green & Partners"" OR ""Sole Source Capital"" OR ""ICG"" when:2d"" - Google News","Fri, 30 Jan 2026 11:31:56 GMT",ICG,https://news.google.com/rss/articles/CBMi1wFBVV95cUxQNGJoc0JteTlfMlYxekEyU2RTc3U0U250blBydTYtV3pXMmhVcHduX1dzZllKdnR2cV9nREdXdmtwbXpKYjJKd0dVRkJHV3pYcHRXOFhDRlpKWWlYcDNsU1VvVW4xSUg4R09lNkc1bzlkc2JPcUktc3VHcVd0MjZ0RmF6ZmFXMmM3VjFoN1UtekZ3M21zYVRIakM3bkFndEowTkc1aDhCeU95QUFBYms1MjRUVkNZdEY0SERNeTJ6SmdFbkI5N0sycHVVRnNZZ2VsX0tkTTN2WQ?oc=5
"ICG Enterprise Trust Lifts NAV, Raises Dividend Guidance on Strong Q3 Realisations - TipRanks","""""Kelso & Company"" OR ""SK Capital Partners"" OR ""Leonard Green & Partners"" OR ""Sole Source Capital"" OR ""ICG"" when:2d"" - Google News","Fri, 30 Jan 2026 08:20:13 GMT",ICG,https://news.google.com/rss/articles/CBMizgFBVV95cUxPbUFNemdCMFo0Q1ZyVjNBZEEzV1RmdkliN0dhUjM4b1NjdzFaYVJTaW5ldHBEcHIyZ3FlUGpfaV9QVl9mcjBPQS1OX0JGcDB6M0NNNnFjZHNjXy01bU5ibmQ0UDVXZm1lQmFIcTVVNHVVU2l2WGFrZHVLS0QzZEdiNnJhMGZjUXU2bEY5eEJJUV9teUVnYlZRRndtLXdzQzFrMkp5X21HWVJtTzZvRDk2VE10Nkg1Rkp5ZmpYWUF1dENWckRpQUZnanZHbW0xUQ?oc=5
ICG Enterprise Trust ups dividend target as NAV rises in third quarter - marketscreener.com,"""""Kelso & Company"" OR ""SK Capital Partners"" OR ""Leonard Green & Partners"" OR ""Sole Source Capital"" OR ""ICG"" when:2d"" - Google News","Fri, 30 Jan 2026 11:16:26 GMT",ICG,https://news.google.com/rss/articles/CBMiwAFBVV95cUxNWGRjZy1HYm94M2w5R2RCbG9MV3h5dnRHQnB0cm90alB0VURvYXZLWC1FWUNuNTlZc01ETVQ3OUZXQXEtRzZ1OWo3SjNsWWQ4Qnc1SFVnT2hONVlSYkZFelNjYnhrdjl3a2k3UzRId0hsVEl4UVZqQ0pndmpfcEQ1bnlrZmZXenJDZXY0d0QyNk1NeU11a21PemI2WmQwNnZ4cU9uXzNiY0hXY2Rtbm5RUnhyMG5YQnNVOWJ1TVYzZUo?oc=5
"ICG Enterprise Trust Reports 2.4% Q3 NAV Total Return, Raises FY26 Dividend Guidance - DirectorsTalk Interviews","""""Kelso & Company"" OR ""SK Capital Partners"" OR ""Leonard Green & Partners"" OR ""Sole Source Capital"" OR ""ICG"" when:2d"" - Google News","Fri, 30 Jan 2026 08:03:27 GMT",ICG,https://news.google.com/rss/articles/CBMizgFBVV95cUxQa2ozeUJldlQ3bldfVmNDdF9WSXdteGltZy1tN1VST2dhTnBvS0tsLV9pSFFrU1JXNDZrVEZXNElEbDBSWnNmT2tTd0NTSFdXU2RYRkdhVkxOV3p1RU5la0gzQTlBVG5saURfZUxfOG1jOWtjcnVCUzh3UDc1VnRRRDZHY2FvUDZmVkdPNjVZNkdybTcyTlFUZGN1M01jQnpYTWZqMGpoV004TUdteUNwNnVUTFdjb2l0a1BKS2JDaERFQ0ZHR0k2aTBfbzREQQ?oc=5
"Expert View: ICG, St James's Place, Easyjet, Crest Nicholson and Conduit Re - Citywire","""""Kelso & Company"" OR ""SK Capital Partners"" OR ""Leonard Green & Partners"" OR ""Sole Source Capital"" OR ""ICG"" when:2d"" - Google News","Fri, 30 Jan 2026 10:26:01 GMT",ICG,https://news.google.com/rss/articles/CBMixAFBVV95cUxQT1VsUzktWUVHem1jZFVNN2RGNmNOVjlWNUVaQk9WbEtTbHZNYkY5bk9mLXdRNk5EWEVYQ2o2SmVQNHBaWktVMUJMNTQyQW81YnRMMGdkWjZIMzl4RExpZDkyVE80YTM2QlIyYjUyS3BjTnROWDltTC1pVklmMU5ZS0x3MS1xb2lqTW93cG9lU0hidEVodkRtME9USTdaNVhlXzdBX04xOTlFOXNrcHY2Ymk1LVdTTjhPUVhtQi1PcE5aM1NB?oc=5
"ICG Enterprise Trust Continues Share Buybacks, Adding 10,000 Shares to Treasury - TipRanks","""""Kelso & Company"" OR ""SK Capital Partners"" OR ""Leonard Green & Partners"" OR ""Sole Source Capital"" OR ""ICG"" when:2d"" - Google News","Fri, 30 Jan 2026 08:19:04 GMT",ICG,https://news.google.com/rss/articles/CBMiyAFBVV95cUxQcXdZdkJCMTlaVU9sSlNTU0FnVHhZckdPTDdKVFpBcEhfQTVlaDFwcFVScnp1S3NlTVEwYlFsWDBGT0k3MkJNNnUzTUNxUFhXMHN3ZEpUWTVLblRZXzRHVzl2REc0RXFkWVp5eHVFc3MySlRWTmlYeVJEV2wxSHlPUHNwclhnNFQ4cGZNY3JiWnVtdFpQQ2pubVZIRHQwOXNaYXVpT2NHRmNaaVVaQ2ZIVkJmYWlyQnpXYkFlX0RaZVRaUjJ0TVNqbw?oc=5
Carlyle Group Lukoil Acquisition Deal Analysis - discoveryalert.com.au,"""""Reverence Capital Partners"" OR ""Sun Capital Partners"" OR ""LLR Partners"" OR ""Carlyle Group"" OR ""Gryphon Investors"" when:2d"" - Google News","Thu, 29 Jan 2026 19:10:23 GMT","Carlyle Group, The Carlyle Group",https://news.google.com/rss/articles/CBMiiwFBVV95cUxNZ3ZlT0ZOM0YwVFkxU2o3QXlPTzdXWW5zUF9pRGZIV1FES1JkZVB4QWZxQVI0RTBTREJxQmMyc3JfNHZCNm5DVk1zWm5vUzh6NHJyalRuSmxuczVsQUxMMDVBQ3U5OUMxVk81aUJXeGM2eEZGYmVic001Q29saUItRjFtbjNrTG5CUnJN?oc=5
Permira Buys Stake in Fund Platform Carne at €1.4 Billion Value - Bloomberg,"""""Vitruvian Partners"" OR ""CVC Capital Partners"" OR ""Peak Rock Capital"" OR ""Solis Capital Partners"" OR ""Forbion"" when:2d"" - Google News","Fri, 30 Jan 2026 07:34:52 GMT",Permira Advisers,https://news.google.com/rss/articles/CBMixwFBVV95cUxPd3F4VnpHYl9JTWdYb2pQYV9rVUtuZ3FaUjFuOEFNeEl3N0VSV1R5WWZZdTM3WDdXc0ZSQ3lGbjVPR2tfVnhZeDlzY0NtM284YU9rS0p4WktJLS1NdHlUUjNBVy05aTZaTkQ4bTdST2Nlank1X0F4VlFqRnBnNUVTSjk3RDBJV2FkTHppbFdCTVVsZjdSR21Ub01reEZLUC1ZTm1QaUVGUjIwWGNldFRXSmhzUWlrdnBqd1BjUE84TVk4Ym5jdmxV?oc=5
French government blocks Eutelsat asset sale to EQT - Financial Times,"""""Levine Leichtman Capital Partners"" OR ""EQT"" OR ""Incline Equity Partners"" OR ""EagleTree Capital"" OR ""PAI Partners"" when:2d"" - Google News","Fri, 30 Jan 2026 09:28:42 GMT",EQT,https://news.google.com/rss/articles/CBMicEFVX3lxTE9wRHhkdElmWXJlcXdFdkVwaVBoeW5TaXduc3FGMklYZnlMTXRBUHVTVlZpQkFSTy1KT3ptMWZiYnROc3RrQm5oRF9iaTBGbFRIZU01NUMzTnUyZXZzdTBXR0tqSHh5MG96UjZmVC1QQW8?oc=5
EQT Nears Up to 650 Million Euros for Second Venture Fund - facilitiesmanagement-now.com,"""""Levine Leichtman Capital Partners"" OR ""EQT"" OR ""Incline Equity Partners"" OR ""EagleTree Capital"" OR ""PAI Partners"" when:2d"" - Google News","Fri, 30 Jan 2026 11:27:35 GMT",EQT,https://news.google.com/rss/articles/CBMiswFBVV95cUxPSHJLa1hvbUpyb2NMSEFaNVR6b3I5b0x5M2ticG5ONmoya256Y3FLZ0J1ejIwTWlhYVVEQmE4Wk92d0dITS0xc20zcWt3UHdsVFJ5MXhyd2x1RDVQbkc5UGt6R3k5Qlo2bW5ZTG13YjQ5czhRbnhZek5qeDM4eVRtOGZYU1AtaG1qcHRRd011bUVFVUY5UWFtaTRhSGhaYVIzNzJNaERNZkFnaF90Um1ySUhFQQ?oc=5
Is Wall Street Bullish or Bearish on EQT Stock? - FinancialContent,"""""Levine Leichtman Capital Partners"" OR ""EQT"" OR ""Incline Equity Partners"" OR ""EagleTree Capital"" OR ""PAI Partners"" when:2d"" - Google News","Fri, 30 Jan 2026 10:44:00 GMT",EQT,https://news.google.com/rss/articles/CBMiuAFBVV95cUxQTHhaZFZsRUdscEpsOFVNUXdVdFh6STJLVW5zS1BfRjM2Zjh3dS1jRWR1RV94UVptOUhCeTNBTTdyaXhmdl9SN1FEempTSGJETHJ3cWlJeGlES0h1a29BVUNRak9tODFtcTJTaWQ1S3JSSTJQQmhLVnJRN29fTG5BQWdjaFJlSWtQT0VDNS1yM0ZweGFRRnNud2xHOHNySjQtRFctc1VyWWxENXhxcjkzbC1fNXp4S3Fl?oc=5
EQT Ties Low Cost Gas To Growing AI Power Demand - simplywall.st,"""""Levine Leichtman Capital Partners"" OR ""EQT"" OR ""Incline Equity Partners"" OR ""EagleTree Capital"" OR ""PAI Partners"" when:2d"" - Google News","Thu, 29 Jan 2026 21:32:19 GMT",EQT,https://news.google.com/rss/articles/CBMiqAFBVV95cUxNN2NYallrOU0yOWlKcFRHQ3BPbzFWZXN3YVhiYnkyVUQ0TU4zWmtRaTN5YXk3VW1UdG1HblhRSmJNWlE3QzFnU2cxNjBxbEJ1TjdUaTRzczJoVXNFRkJucGZzMGgzanJ4eGpaWVVMNGVqbkJxcmJEZEN0dVhpV2lRQUlIUl9Bci1ONlE1RkNwMGFOUS1xMlByMVQwWURtVDhNMDJLVVNOekLSAa4BQVVfeXFMTmxsTDktQnhHdkh6bkJDSEdFQjRrUlh1LUFCNXlnWUV0R2o2Ny1EMl9vTUNWYnB0OEJTcVZVYkZNMG56c2JyX3hSM1hGU0hHbE1tSm53VUVEeU1KRFcyNjhlQTNtQUhCbGxvYzU4T3QyZ2Y0M29mVk1VV2d0R0tTWTR1bWlOajJodmFEd3NBSWlYeVNHb2F5S2U5cGRfTU9sUEs0dVJUNVpHTlhZQ3Nn?oc=5
Exclusive: Special Adidas Predator 2026 EQT Boots Leaked - Celebrating 35 Years of Equipment - Footy Headlines,"""""Levine Leichtman Capital Partners"" OR ""EQT"" OR ""Incline Equity Partners"" OR ""EagleTree Capital"" OR ""PAI Partners"" when:2d"" - Google News","Fri, 30 Jan 2026 05:24:22 GMT",EQT,https://news.google.com/rss/articles/CBMikgFBVV95cUxQdGlGRFpLaEJCcVU4LUZYQk0zUHB5T0hidndubjFFTjB4VExuazE0VGZ1cVZmUkwxQ0pRYXEwR2hiRUxhbDh6TV92c1VrdUhZVXpTYkM4TC11MFZYTTlBNDdYcGZrdkpBNDkxaGVvV3k3MDJfcVdSSFBGQW83TUJxOEp5MHo1Vk8xN1BQV1ZrWTNuQdIBYEFVX3lxTE9vVTJiUzh4VVpvemZrWUtKZmNHNWlraENkY3F5VldqRUozbkNnZUdFRVNDY0NyNHk2dmw0TWdMREc2TkFqZ0xCTHNDLW5tcjlmR3FTREJ4Z05Deld6Wk5xMw?oc=5
EQT Corporation (EQT) viewed as a core holding among gas producers - MSN,"""""Levine Leichtman Capital Partners"" OR ""EQT"" OR ""Incline Equity Partners"" OR ""EagleTree Capital"" OR ""PAI Partners"" when:2d"" - Google News","Fri, 30 Jan 2026 00:49:04 GMT",EQT,https://news.google.com/rss/articles/CBMi_wJBVV95cUxOUEZrZENQczh4R0treVo2NGcySk5QY0dOZWxEcnBNTllvRDVySEJZRFJhelEtLU9WVlRfcndwUU9yVUNjUGgzaXhfOGtPMTlLbUpNMTh1d0RzZjNrMU5Jc1hxNGJOQW5fSHJNRjdvaDZSa2tRQ1FHekZFRkFFZ0dkaHJPZ0ZwaHFyenVXYjVFSE1JSmR4R3dIVjZ0U2V5TlFMQ0NZWV9XcnV6aGt0T3dHYWFnMGRHOTlqRms2cDQyUEVFRDlNSDQ2QUJsSDk2Y2VKNWx5SUh4MzlOSnByenEwc1k3VXgyUFlQdnd1UFV0Qm9XdWlWTTNTel91bGd4Y25pSENON1ZDaGR0SFFERVdHelF3X0k4SEwwSlNiRGREeG1sS25HYjFIWHhIU3pjQ2Y5dU5VQlVoc0FEcHJBZXd2aDloRTlwVmUxdkY4d0IzNzNnUXMxeW5EdXBLWmZybVB6cHBWbndibEFEd0lFYVVvdFhrcXRfUy1paHN5d3lwVQ?oc=5
EQT Corp expects $114 million derivative gain for fourth quarter - Investing.com,"""""Levine Leichtman Capital Partners"" OR ""EQT"" OR ""Incline Equity Partners"" OR ""EagleTree Capital"" OR ""PAI Partners"" when:2d"" - Google News","Thu, 29 Jan 2026 22:37:21 GMT",EQT,https://news.google.com/rss/articles/CBMiuwFBVV95cUxPM3pZNy1tYXpFbU5NZExKSExiZUlzUGtuR3d1ekZYX2hGSTFSQzlsOGo1N2IwQUF6V2s3bzF0YzE0STF3UzVIaXo5OXlZOTVyWkVadVRqMGRKMWVLRS1SMW9ZeVhMSnctSlQ2cm1CM0tzbU5lZi1Sbk5nME9TNkpPbXhpSlVpV0xieEw1eUdPc2VyX2JIaGx1OFBla3BpMGtCQW90LXFfTkNUckNRQ2RhbWZwQ2FPdy1GalpN?oc=5
EQT jumps to 6th-largest U.S. oil and gas producer in new industry ranking - wpxi.com,"""""Levine Leichtman Capital Partners"" OR ""EQT"" OR ""Incline Equity Partners"" OR ""EagleTree Capital"" OR ""PAI Partners"" when:2d"" - Google News","Thu, 29 Jan 2026 17:02:15 GMT",EQT,https://news.google.com/rss/articles/CBMiwwFBVV95cUxObU9vbXlCQjJhcldzbjNPR3ZINzVKWGx5aUVvYzJQVmFRYmgyZ2d4MU5IYnFMbm4yOVF1MGtVaHZjNUx3d01JYlFiQkJUUFRYQmRUekt6ZFc0Y3I2RFB6M0lieEpDME95ZlFLYTVSTU5hc2ZyZDh3Sm5WaERlN3EzNzBHSTZMa2pmWTRiNDJsUXJSOUYxNWpGaDV3N3ByWlhkWlJkQlA0bC1pTmplTTBuOFVTYmVhdVFrZ3Z6ZGdBX3gwUFnSAdcBQVVfeXFMTjZXRHd1MFBqQU93NUZ3WW8zMWhvTTJnZ2JZQjBieTUxNXpEajNpMF9ySWhFOURQY3ZvLVFUT2Z5SjlOTmx2c3RaeUdKa1VZd3d2UEc0b0RVTmlVbVAyemxKLVRoWE1VdHdzRENoY2t1enBoVmVnX19KMmwyMW9xNEt6cHVOV0F1ZmN2SGdmUEwwb3hHV1VnLWFmaFZ1dzdpOE5JRGVNQUkxb0JhZ3VpS0t2c3otYk0wVDh5WXRCcFVlWUVsd1pzRTNrdTFESm1TNzBCdWRGZ3c?oc=5
France Blocks Eutelsat's Antenna Sale to EQT - marketscreener.com,"""""Levine Leichtman Capital Partners"" OR ""EQT"" OR ""Incline Equity Partners"" OR ""EagleTree Capital"" OR ""PAI Partners"" when:2d"" - Google News","Fri, 30 Jan 2026 09:32:24 GMT",EQT,https://news.google.com/rss/articles/CBMingFBVV95cUxPTU9JVzdmTDRlSUZWTUpCUldFd0t2WnZvc2ZoSlA0R1pyUXpJRXFFMVgwaHVSYlp4RlVMdHJqWTg0TEJpUnphVkh5cEs0aU9GVUgzOWpoaGFNVnQxcEdNUkxUVzVXYXE3azh6T29WWWVqT0RJME5JN1prWVp4OENqMy00emJxWl9PVU1SSmtzVDNGdDJJOHdvNWtCYWJyQQ?oc=5
EQT March 13th Options Begin Trading - Nasdaq,"""""Levine Leichtman Capital Partners"" OR ""EQT"" OR ""Incline Equity Partners"" OR ""EagleTree Capital"" OR ""PAI Partners"" when:2d"" - Google News","Thu, 29 Jan 2026 15:39:00 GMT",EQT,https://news.google.com/rss/articles/CBMid0FVX3lxTE9DMUtxejZqYV9ZY0ZUcmN1b1lpRUdTYUpFTk9yZXBRLXU4MExMMk1oZmZTRGpnYnNCNlhWMGVGd1g0WlExbTAxQ254RVBRZlNEajViSG10cE9nMEdTOWVrX1pnaV9kcVR2bERZQ0Rhd0hPck9Cd3o4?oc=5
Eutelsat’s €550m infrastructure asset sale to EQT falls through By Investing.com - Investing.com Nigeria,"""""Levine Leichtman Capital Partners"" OR ""EQT"" OR ""Incline Equity Partners"" OR ""EagleTree Capital"" OR ""PAI Partners"" when:2d"" - Google News","Fri, 30 Jan 2026 03:08:07 GMT",EQT,https://news.google.com/rss/articles/CBMiuAFBVV95cUxNekpTb29WQ2R0R21CMmhoZ0pJbWVmYTdwdWo1TkVuenp0MWlJak1RT2tUM3d2MjhreXRLcmdGX0dJNm5vZjNZWmRwY3BDTVdWellhcUJackFLNUFMTFdSdWY0QUNpQldQTmYtZ3NIYXJFcXAzS3c1X2tvMER1OFpVMkV6M2dRZnR2ZzRSUFMzVG14WjQtb3RUSkpSUkFCMXRGbUhIZ2JXSDRtNUZiMmpLWXVMWE80WThr?oc=5
Discount adidas eqt support rf 42 Factory Sale Adidas eqt support rf a basso prezzo outlet - auroradesio.it,"""""Levine Leichtman Capital Partners"" OR ""EQT"" OR ""Incline Equity Partners"" OR ""EagleTree Capital"" OR ""PAI Partners"" when:2d"" - Google News","Thu, 29 Jan 2026 23:59:14 GMT",EQT,https://news.google.com/rss/articles/CBMiWEFVX3lxTFBNaFZGZVdHNTN5dUNXVnRRWVJJVlVqOENNd0tkSjRMRDhDOThvQUx0ZEZQWnNZSGhBZDNCQllEMVNaUG9tdlAxRkJSTE5JdlJQRTFmcDhaR3A?oc=5
"Expert View: ICG, St James's Place, Easyjet, Crest Nicholson and Conduit Re - Citywire","""""Kelso & Company"" OR ""SK Capital Partners"" OR ""Leonard Green & Partners"" OR ""Sole Source Capital"" OR ""ICG"" when:2d"" - Google News","Fri, 30 Jan 2026 10:26:01 GMT",ICG,https://news.google.com/rss/articles/CBMixAFBVV95cUxNUURvNlZmTlk4OGJHQklMYWFfRlVKOEtzdERraGthMTk5ZmwxQVBwWFhBaWZZMWNNb0ZqWnQtOXpDYVVLY25XbGU1ajU2UDZCR1VQakhEQTMyNVllR3QzS253ckl1Nkc4TlY4WlFzRk0taGZZUTVEV1pxVG11VWd4TXo0cHNkVjVWNl9MRXFyUFJfVTZYN2JZSjJ1YlZhRy1QOUZPQVdXVzJOLURuZnhBVTNTaHExQXNTYXBXMUFUWXoydHQ0?oc=5
ICG Enterprise Trust Q3 2026 slides: Strong realizations fuel 17.3% share price return - Investing.com Canada,"""""Kelso & Company"" OR ""SK Capital Partners"" OR ""Leonard Green & Partners"" OR ""Sole Source Capital"" OR ""ICG"" when:2d"" - Google News","Fri, 30 Jan 2026 13:07:59 GMT",ICG,https://news.google.com/rss/articles/CBMi1gFBVV95cUxNXzctNzJFNWZlRENWMTBBR3ZqYmxEdEgxX1l1ZUVMUE96QWxKdFVZbU9peXI0TnZKZl9YWUNpeG5BeXRZRGdpY2ppRlVpSGU2S21LaWNHOTBpclpaNTRVYlVqNzVYY0RpcUd6b1MyRmoxN211XzBXTlFnOTdrV0U1Nk9fVndTb25lMEhkUmhwUXRDcHpRUnA5cjZXajBhcGJIdlNMc0FYM05ETmRaZEFzWkUyVnd3dldvNDVhWWxfRjVtWHFTQVVHRnJvYTNuUjZmZ3ZMQ3Bn?oc=5
News | New Mountain Capital acquires Detroit-area industrial property for $32.4 million - CoStar,"""""BC Partners"" OR ""TA Associates"" OR ""New Mountain Capital"" OR ""The Carlyle Group"" OR ""MBK Partners"" when:2d"" - Google News","Thu, 29 Jan 2026 19:02:21 GMT",New Mountain Capital,https://news.google.com/rss/articles/CBMivgFBVV95cUxQMzgtMUZPRXp2UlVXWndWM0xMLVYyZ1Z2cHF5LV9kcDRzM3FjZUhfUGxsSnZUMDljOGxRVkhERFhJY2RkSWFLN3VpY3Q3V0Y0NFRuMktma1gtazdRbE1PX3Joc2JMY3pVYXpLRXd4cmxnVllRa1dRVzRXbG5ScXBodnRPVkFkck5waVJzUXpNQVNJVjdSeXVQMk5TSjQxVWV1SUpyTUNleWx4clRoUUlfUkRNejBialVyR05ZRUJ3?oc=5
Russia's sanctioned oil firm Lukoil to sell foreign assets to Carlyle - news-graphic.com,"""""BC Partners"" OR ""TA Associates"" OR ""New Mountain Capital"" OR ""The Carlyle Group"" OR ""MBK Partners"" when:2d"" - Google News","Thu, 29 Jan 2026 20:15:50 GMT",The Carlyle Group,https://news.google.com/rss/articles/CBMigwJBVV95cUxOc0VmSlRVa0gzN1JwRjJzbFhaYWxtYjBveUFfWkgza1NnRUg5ZjJfLW0yZ2t0TXM5QWpFS1RreWxnLWpkSXpIdGxCVHFVUV8wZV9COV8tWjFGb2RYdzlrdEJOOFZnUkRXUWFyUjd4T1QzSXVGSFJxN20xOVc1dnp6T2x0WFZTd3RqakdNX05veHhEWFNKczFSUkZPQVZDRmFLXzhMS09ndTNRSl9rcUotWVAxdWZfT1dVSXhpQUlYX1pDSUFxbWoxODgyRHoyQjU1SGVldGpKSVRVcFVudEZjUF85Rm9xRlVvck0wYWlqZjFrM0xmYVZiUzVKMmZVLXhhVU13?oc=5
"Russia’s Lukoil Agrees to Sell International Assets in Nigeria, Others to Carlyle - Business Post Nigeria","""""BC Partners"" OR ""TA Associates"" OR ""New Mountain Capital"" OR ""The Carlyle Group"" OR ""MBK Partners"" when:2d"" - Google News","Thu, 29 Jan 2026 15:09:37 GMT",The Carlyle Group,https://news.google.com/rss/articles/CBMisgFBVV95cUxONU5VcVpIZUk4UWtjTTM1SUFGbGFPbTVyZFg1M3ZZRU5ZUGlQbThtdjFTQ0RZeTJxYVJBLUJnR1hDNDVfNGhwdU1kR1Jjc1YtY0xyRmg3WWVoUi1pVzlHVUdKYTE3YTUyaW1xLTJoZXduQV9yWkdacGJrZG15YVJjWjZqYjd4amJ5ZnNaZG5JT28zNFpCMHlnRVVKcXdTbWlOUFE1bkgtUVpPc1hkUDlBWW1B?oc=5
EQT Corp expects $114 million derivative gain for fourth quarter By Investing.com - Investing.com UK,"""""Levine Leichtman Capital Partners"" OR ""EQT"" OR ""Incline Equity Partners"" OR ""EagleTree Capital"" OR ""PAI Partners"" when:2d"" - Google News","Thu, 29 Jan 2026 22:06:48 GMT",EQT,https://news.google.com/rss/articles/CBMiygFBVV95cUxNN1FOYVhjVW1QYXJoZUF6N0FOVU1uS0dVVGJsSEJxNlAzYnFCcTVkMV9IdVk2Zk9SLVJhRTF2bVRVQ2pxNW1wbWFEZXhjNXlKT2x1YlRRMlJCeUtDZ1F2SWphamd4ODhjR1QtTUloMXNRaGlJVm4xbWRIbkt6ODVuZGxUdU0zZkpzRWZEdDFmaDNDdWlmTFN0cWRXUEVjdFdFME1POXlNcnF1bnBLdmdGSkVabFVSNmJScjEtMjIwa0xWV2YtRjNiTm13?oc=5
EQT’s Financial Strategy Gains Momentum Amidst Surging Gas Demand - AD HOC NEWS,"""""Levine Leichtman Capital Partners"" OR ""EQT"" OR ""Incline Equity Partners"" OR ""EagleTree Capital"" OR ""PAI Partners"" when:2d"" - Google News","Thu, 29 Jan 2026 19:01:04 GMT",EQT,https://news.google.com/rss/articles/CBMiuwFBVV95cUxQcU8tclA1clFRMEx0LWlXTkhBdGFFY1hBaTZQYkI1WlBqX053N1k4MWtHd21XZzBLdGdjMHFCNEJ3blVxSVE4eExRZGVaMU9XTEV0YXluQjV6ZTBDZmZCUmVVMzZ5ZEphYlRJQjNtajF5WTl1SXl4Vm5MTGZQbWxtdmwzaFJWMzJWVUJpWkVRVXlNbEZwdnB5WFFpX0dscXFneS1DNkpkeUl4azZicndFQm9BSllBTGRJNUZR?oc=5
Eutelsat Halts the Sale of Its Ground Infrastructure to EQT - Idéal Investisseur,"""""Levine Leichtman Capital Partners"" OR ""EQT"" OR ""Incline Equity Partners"" OR ""EagleTree Capital"" OR ""PAI Partners"" when:2d"" - Google News","Thu, 29 Jan 2026 16:05:00 GMT",EQT,https://news.google.com/rss/articles/CBMiugFBVV95cUxOR0M2VEZwdUxydWJtVDhESEJ3TW9ZWXNLdExzVmI4WTlxS0JfS0YzSFowc1ROclpOcDhQeXNYVHMxVEVfSy1TbVlXcVpsVjQ1LV9fT0JpV2o4X3k3dXBLWWZRdjJ5V01LbEU5YU5MWlhMek9SOXVvdVRPbVZvdU1IdEk5RndrUnFNbmU5ZjcyckZ1eWwzdVFyZWVXT2hOcjdfcU81eTdYUTdFRk41a1RZSWloTGJ4cUFHQlE?oc=5
New Jersey weighs $300m Ardian infrastructure secondaries commitment - IPE Real Assets,"""""Snow Phipps Group"" OR ""Rivean Capital"" OR ""Ardian"" OR ""Warburg Pincus"" OR ""RBC Capital Partners"" when:2d"" - Google News","Fri, 30 Jan 2026 11:53:05 GMT",Ardian,https://news.google.com/rss/articles/CBMitwFBVV95cUxPSjRhb2JieldDVWttdUFGbjRwXzRsZlZlRzREby1RUnJVdXNGSHJwNzh2Tk1uWFF5MTh2ZmpNUllzTE9wY2doNERMWUZxd0RaYzBHTkc2dllHVUhLWnh5NXJ5YS1LSjdjQ2xObm1WNk5WS2pVNW9RdVR4Z2lPTG4ydUl5MzFOZ0dqdjJHelQ2WWoxXzU5bkRGWG9DV1dPczJGRFNZZWtZd0ZRU2RCak1VV2dVRHkyTFU?oc=5
"New World Shares, Bonds Jump as Blackstone in Talks for Stake - Yahoo Finance","""""General Atlantic"" OR ""L Catterton"" OR ""Permira Advisers"" OR ""American Industrial Partners"" OR ""Blackstone"" when:2d"" - Google News","Fri, 30 Jan 2026 02:23:00 GMT",Blackstone,https://news.google.com/rss/articles/CBMihwFBVV95cUxQdmZVMnNFQjJwNnZDUWNDc3FNZF80dzh0MWR2ZzEwVS1Gd0NZTkZoZTRIYllYUzFZWmFBMVh1U2xHMGlQZ0tSbjRiQXBxNFZ6SlVpS1hmVE9YUzZGQlAtckxjMDZ3cU5XZmRMR3hGZnRwQTNFUW1vbXJHN293VzJjb3dqSmxLWmc?oc=5
Blackstone Posts Surprise Profit Jump as Deals Gain ‘Velocity’ - Bloomberg,"""""General Atlantic"" OR ""L Catterton"" OR ""Permira Advisers"" OR ""American Industrial Partners"" OR ""Blackstone"" when:2d"" - Google News","Thu, 29 Jan 2026 15:22:43 GMT",Blackstone,https://news.google.com/rss/articles/CBMisAFBVV95cUxOOVlNcnRDNjBPT0JWc1VHUzJWSXljc2FCcXdfZWx5UVp3NEk3alptSWpPQllSMC1kTGo5YWxTNVA2V3ZpQnJKSXRLZVN0RTUzeWNOcU9CZ1REb0xXejIwSE9nY3VNMWR4SEdzcEtyV1puV0pUS1hBUHNKLWdxbUw2Q3RpUWFFY0oxUmRKSnRJTXM3SDZ4N1VTSUZxVVQwOE5XSjJLN3oxNFpoMlA1a2laRQ?oc=5
Blackstone’s Portfolio Data Helps Firm ‘See Through the Fog’ as It Invests - The Wall Street Journal,"""""General Atlantic"" OR ""L Catterton"" OR ""Permira Advisers"" OR ""American Industrial Partners"" OR ""Blackstone"" when:2d"" - Google News","Thu, 29 Jan 2026 21:05:00 GMT",Blackstone,https://news.google.com/rss/articles/CBMiswNBVV95cUxOVl9NUHhqeUQ4YnpCcllXR0tWTG5NY1cxSExxV1MxcDZxdjVNUGs5T2RDVzFUdDFFVkMwS0pBbU5YUTJDY0ZpWDBIckRXQU5kUnFBMko2OVYtWmVZRTBMY2xrZjNqNUhnTlJ4UEtUbkJKdHp3UUhHTmJqWUN5QW5PWTdsOURnWWExTHdlM1Fndmd6SDc3Yk9CNnl5Um1qb0JQbFJkS003QTlmOFRrUUlDeG1NeXEzU0xKbHUwbXdleFhtLURkc1FQOUxiZ3owTTBURU8teXI4bGNsd0FXVHNwbjhnVEhNNjh4MjR4S2hVeHA1bC1DanZVZXlCZUpZTlBveGkyY1k0YXdSaHB1SDV1eUtnVnFvZHJxbUhjM1paWlNoeEdTendlTDY4ZGVwLVZRZ1lkaE5qVmxPRGdVQ0k2ZU1hNjBWS1dRc2d2N1JCaUZBRmU2LUJzeDRiX3FlMndNMlVJRU45d1AwYjVPZmlMdWtYSjhwMWRGc2R4cWVSb0lmVi1QYmNPNnd4d21sbU1vNUJHU3pYelJ5RnlvMXdteXdGbXZvNmV5NmplWm94cXIxUFU?oc=5
Wayfair’s Blackstone Tailgater Grill & Griddle is on sale for $50 off - al.com,"""""General Atlantic"" OR ""L Catterton"" OR ""Permira Advisers"" OR ""American Industrial Partners"" OR ""Blackstone"" when:2d"" - Google News","Fri, 30 Jan 2026 14:00:00 GMT",Blackstone,https://news.google.com/rss/articles/CBMiqgFBVV95cUxOdG1POHBHMmRkUkFZWWh3ejRJdGtkQXVSdkVxcUdZSnlYdHJDU2M3alVkcnlDY1dtVUtsZFdrVy04SkFNYUhwalRncy10bjM4M1ZlbmJqZ1FNY2xfXzB3c1JicUZQWUZrRk9OcTBnbE9BRU1BSXMwYXh3dWN0VkxudU5wUi1PMi1VZFZYX1BDdTFxS0diNWozRnhON2N4Vmw3cDloOFBjZlJxUdIBvgFBVV95cUxNMkNiZU9BdGdnbG1MR1Rla2JOV0Mxa1A4dUZXLThJWTh6SmZRX2RUV0Y2UmtvUWFpX1dFOXYxc0FSSTlUUXVaVFRMM3BXQTNQUFpxS2pEM21JOHhNVUFQSFlRbnBNRldKYkxLbUFvWVhCTnVZdGRSeFlUWUp6SnRIdTJEd28zZ2xrWWJLNVdwam1ZcHFpYnhmZ2I3V3JhaGQ0RWM4ZVpBOGw0SmZJWnAwd214aktTWGJwVWxhOFRn?oc=5
Blackstone expects 2026 to be ‘busiest year’ for wealth product launches - Private Equity International | PEI,"""""General Atlantic"" OR ""L Catterton"" OR ""Permira Advisers"" OR ""American Industrial Partners"" OR ""Blackstone"" when:2d"" - Google News","Thu, 29 Jan 2026 21:55:48 GMT",Blackstone,https://news.google.com/rss/articles/CBMisgFBVV95cUxOcmNLTUZDcjRMQXNqcVlieXZCNXVNVTE5OVBPRm80VVF6YlctdERuRlNxWFNIRVk5MFFJQklNZ1E1R1hGOENLQlA3bVhzdE1aa0hyaUo0MzhJNkFQX0tfU0Jka0xJNFR4QzZiTHgydzJXUExMWXpFU1pGWVJLT1VQUnNjdlQxQ294Z1NVMDVXUzRHdndwdlh6alFDbm4yNGtoVDFPSEZOejdCOEwyWDRmMnNB?oc=5
Blackstone beats estimates on strong dealmaking activity - kfgo.com,"""""General Atlantic"" OR ""L Catterton"" OR ""Permira Advisers"" OR ""American Industrial Partners"" OR ""Blackstone"" when:2d"" - Google News","Fri, 30 Jan 2026 05:21:05 GMT",Blackstone,https://news.google.com/rss/articles/CBMijgFBVV95cUxNNlU4b2xjNFVPR243VWt6RWM1cDRzNEQwSjVsSXJmZGZTX2hya1JGSTI0amtQb19sSWQ2M2tiWVJ1eTdRdXpTQmlJX1pBSERYWFoxMWFpWnlWWFB4UWhhcVMxMmRVaXBCU1VlSWtJR2dqZEtBUnZpOEtiZHVFaV95UlNhUlprUUxYTlpQdnZR?oc=5
Blackstone Is Said to Consider Selling Interplex’s $1 Billion ICT Unit - Yahoo Finance,"""""General Atlantic"" OR ""L Catterton"" OR ""Permira Advisers"" OR ""American Industrial Partners"" OR ""Blackstone"" when:2d"" - Google News","Fri, 30 Jan 2026 04:09:00 GMT",Blackstone,https://news.google.com/rss/articles/CBMikgFBVV95cUxPX1JlWHd5UEJtMW96aHRaWTktTVlFekNPaklGNk1PVWp1c1lWb1ZBMlJIZU5GUGxKYnB1YkJqSGpXN21rTEFQaHNDbG9NOHdoR3QxUUhQQUctSXVxVi0zUTE1SGtmSEdhZkE5NnB1d1NkaU5fVGZkNlZFOTcyTW0tb3phakxieko4NldWMV9JelRzQQ?oc=5
"Blackstone’s Blitzer, Main Street Buy Into MotoGP Team - Bloomberg","""""General Atlantic"" OR ""L Catterton"" OR ""Permira Advisers"" OR ""American Industrial Partners"" OR ""Blackstone"" when:2d"" - Google News","Fri, 30 Jan 2026 12:00:00 GMT",Blackstone,https://news.google.com/rss/articles/CBMipwFBVV95cUxOcWlpMl9uSi04X3A0blQtZGZGWGl1cm40d3pRMF92YzJ0QXA2dDQzMzI5ODBpVmhDUEdJVi1XOEhhRDlXcGE4amlZcEw2WkJBTFN3ZmpjRmdMSnY0VnA0cEhTRXFydXNrZTkyMzhzYUJEUW9kUGRHaXRfVlV4UV9ydDF6V2h5aEI4UDlZT3BEeUZXa0k0OGFNZHJ3SDJSTC1sSHhGYmhUdw?oc=5
Blackstone CFO Michael Chae to present at BofA financial services event online - Stock Titan,"""""General Atlantic"" OR ""L Catterton"" OR ""Permira Advisers"" OR ""American Industrial Partners"" OR ""Blackstone"" when:2d"" - Google News","Fri, 30 Jan 2026 13:25:00 GMT",Blackstone,https://news.google.com/rss/articles/CBMiugFBVV95cUxNNnU0VEFtZExYS3lZdVA0bGVtM1VzMmNsYWVQT0xJLTViRnZDenVuVFVFYnk2SmN4MzdVRnZxUlNnWjJPR09yRnhTNThYTWtKa05tWU9nSmxPR0RYQjJLTmNmVU9CdjNQU3NRVzhrZ1FGVnphTjNWQWYza0x0ZXVURVVZcHlsQUVUcXBhbWo4Vi1KYmpCNVhRTVdvUmQ4Smh1LUhKeWQ4RXlWOVZUaE11dldJckg4Z1pOZXc?oc=5
Silver Lake Regionalization Study Kicks Off Amid Budget Pressure and Leadership Shifts - southshore.news,"""""Silver Lake"" OR ""Madison Dearborn Partners"" OR ""TCV"" OR ""Ufenau Capital Partners"" OR ""Summit Partners"" when:2d"" - Google News","Fri, 30 Jan 2026 11:02:41 GMT",Silver Lake,https://news.google.com/rss/articles/CBMidkFVX3lxTE11VWVLTjBzVzF6bWZra1NwRVh6SWVOdy1lSGV2SVVxNmdvbXgyRHdzQ3hfMTNBTjFVSl9lWnRiaWtqS2FpZkEzeFlBUjBTWkZYNm9hekZlUnQtRm5OMlhsOE1MQ2hxaUpzWk9PNlhkeVZSSC0xaXc?oc=5
DNR investigating fish kill on Silver Lake in Manitowoc County - wbay.com,"""""Silver Lake"" OR ""Madison Dearborn Partners"" OR ""TCV"" OR ""Ufenau Capital Partners"" OR ""Summit Partners"" when:2d"" - Google News","Fri, 30 Jan 2026 04:15:00 GMT",Silver Lake,https://news.google.com/rss/articles/CBMimwFBVV95cUxNZGY5XzhBQW9CRW43QWVoWWJ3cXd2LXF2dERSUzNDRE03UTVjNjdYZFlhODhnZUIwUER1aXpOcXBoWm1ldWw4aHZiSzZQMzl0VG1FbTJSSTQtallnSThkOGt0bWlOVlV0SlhiVjNSeWxrcnR1Mjk2TWsyNUdsVWVxbnozUHVxcjY4UUltdXdnRU1zV2xDZjVkOTFkbw?oc=5
Fish killing at Silver Lake prompts state investigation in Manitowoc - nbc26.com,"""""Silver Lake"" OR ""Madison Dearborn Partners"" OR ""TCV"" OR ""Ufenau Capital Partners"" OR ""Summit Partners"" when:2d"" - Google News","Fri, 30 Jan 2026 00:18:27 GMT",Silver Lake,https://news.google.com/rss/articles/CBMiogFBVV95cUxNakpBMkRnUVlaTUVwTlh3UW9JR3cwZ1ZLN0stTGJ5eWpmSWFRQks3ZVFJY01GSXpFd1ZOdFNQYjBuVlFEYkhJSTBBbkZyTzd3UExaVldZb01Md2o4bnQxNnVsNkZyRTNVRmM0bjV5YnlHaTFRNkQzVWcxZDhoWmVkcDhJODYzYTNzekdWM1pRRERJNXVjaFY4YXVWNzExRTlGanc?oc=5
Wisconsin DNR investigating potential fish kill in Silver Lake - Spectrum News,"""""Silver Lake"" OR ""Madison Dearborn Partners"" OR ""TCV"" OR ""Ufenau Capital Partners"" OR ""Summit Partners"" when:2d"" - Google News","Thu, 29 Jan 2026 19:58:00 GMT","Spectrum Equity, Silver Lake",https://news.google.com/rss/articles/CBMirAFBVV95cUxNd3lYalpzeEs1X0tBUzdYOXRxd0lYazlHc0h0NFB2NnFGXzZJaXNBOHk2bnAxcUNzQUFVNkNqdXhaZnhvZkY2T293ckZwc1lHdDRMUjlsVmk5Um5keWl6ZGQ2bFhiQVFibGRJaHJNcE9qN29uOXlNbF9la3BWclJTelpoTWlESzlLLVd0TE9KZEdIVWs5TEJ4VmJFMGxuNXZkeGRhY0Z3Z0JFdzBY?oc=5
Basketball Game Preview: Silver Lake Eagles vs. Sabetha Bluejays - MaxPreps.com,"""""Silver Lake"" OR ""Madison Dearborn Partners"" OR ""TCV"" OR ""Ufenau Capital Partners"" OR ""Summit Partners"" when:2d"" - Google News","Fri, 30 Jan 2026 07:15:40 GMT",Silver Lake,https://news.google.com/rss/articles/CBMiuwFBVV95cUxNTnV3MVVkdGtpTnpJMGROV2Z4dTFvR1BwTlFhSWFkdkhabWxpank0X25XaV9HTENQRE9CYWJxSUJ6NERqOHFqNVYycVJhRjhqaW1yZ2dTbjBCaHp2QjQyRDdGR09wQXEwYWZKV2x0bG9kamR3cU43LXBJR0NISUFPb2hSVnhpNGRwWFZHdEl2YVNROF9FVDkzbENrUDNxb3RINGg0d1dHY2w4ckZMekJ1dldlRjFGa3VhRUJR?oc=5
Zuora Investor Sues Over $1.7B Silver Lake Take-Private Deal - Law360,"""""Silver Lake"" OR ""Madison Dearborn Partners"" OR ""TCV"" OR ""Ufenau Capital Partners"" OR ""Summit Partners"" when:2d"" - Google News","Fri, 30 Jan 2026 00:00:00 GMT",Silver Lake,https://news.google.com/rss/articles/CBMiVkFVX3lxTE5mbzU5cGd1U21VQjF6clBVQ3FZeUoyN016b3AtbmlnVmpVLWpGY1NMaVZOd2lrM0NiS01qd2VDTnVJUTBKUlVVTWl5ZGJJeGFUX0hLSlpB0gFWQVVfeXFMTmZvNTlwZ3VTbVVCMXpyUFVDcVl5SjI3TXpvcC1uaWdWalUtakZjU0xpVk53aWszQ2JLTWp3ZUNOdUlRMEpSVVVNaXlkYkl4YVRfSEtKWkE?oc=5
DNR investigating fish die-off at Manitowoc's Silver Lake - fox11online.com,"""""Silver Lake"" OR ""Madison Dearborn Partners"" OR ""TCV"" OR ""Ufenau Capital Partners"" OR ""Summit Partners"" when:2d"" - Google News","Fri, 30 Jan 2026 00:15:59 GMT",Silver Lake,https://news.google.com/rss/articles/CBMiuAJBVV95cUxQelZlWHRxVnNFODBiQ3g5U0JIX19UbnlCYzkzUUJmMXZzRHBuOE1wSGVPNGJXa3k3dFdRbUNFekd5NUpFZEdBMHJRcnNqRHB0alBHcVRGX1pTWlprbXlHTFQzZnJuWTNkVjF4TDFiUmRHdmtsZ21sc1RBTXNjS1VGTWs1MUhqWnhwX0dwNUZWVlJxdnZwVlJQQmxON05jZnVWTXpXd2NacG16NFQwT184cEZzbjRHeEdITnB3OEFUWXIwWlRPNmd0azFPUVBIb01iQU1LdHBvbVdlVDhwejd6cHF1c004ZGU2YWFrZmpkQmRnUWx0azBydGw1VXItQ3RDUlN3c09IQUltN28tRldJWlFjTzlWcTNuVzItOC0xUVNtN0Z4X0RBbUExMmlZMWtaMU5DQkptN0c?oc=5
Silver Lake resident demands ownership of house - westfaironline.com,"""""Silver Lake"" OR ""Madison Dearborn Partners"" OR ""TCV"" OR ""Ufenau Capital Partners"" OR ""Summit Partners"" when:2d"" - Google News","Thu, 29 Jan 2026 16:41:15 GMT",Silver Lake,https://news.google.com/rss/articles/CBMiiAFBVV95cUxNQ05HRC1oSWhQeEVLWF9SLW9zcmc5QTB1b0pDSk5SbkZEOFZ1bjlpSi1NMHhHZW9KdzJfRkFOYTRtanM3bmJzdTZqRjBwSUdGUEpsdjFLbGRGNGF6QlEtZ3VMU091QUxEN3paRHNJaGxzY2hxNTBicVpta3RnR1prTE9KQUJsMEV2?oc=5
DNR investigating fish die-off at Manitowoc’s Silver Lake - wtaq.com,"""""Silver Lake"" OR ""Madison Dearborn Partners"" OR ""TCV"" OR ""Ufenau Capital Partners"" OR ""Summit Partners"" when:2d"" - Google News","Thu, 29 Jan 2026 18:27:09 GMT",Silver Lake,https://news.google.com/rss/articles/CBMijgFBVV95cUxQc3liRmZJMHJWWnlGMGlRbnh3M04xVEFOSGpGOTlOTnltbnAtUk1DQ0VDamRTUDFMYWxjY1U2ZzhtY3B4ZUs4TVo5Nk9RMDZtRjhIR2JLRVhsLU93QUJJMWFYSHBuRlJvSDJ0d3FYMnZ2ZHI2eFVxbzVqaThHNl9KMHFxNnRNQWwwa0VRWUpR?oc=5
"Rozella M. VanCleave, 90, of Milford and formerly of rural Silver Lake - giant.fm","""""Silver Lake"" OR ""Madison Dearborn Partners"" OR ""TCV"" OR ""Ufenau Capital Partners"" OR ""Summit Partners"" when:2d"" - Google News","Fri, 30 Jan 2026 03:42:48 GMT",Silver Lake,https://news.google.com/rss/articles/CBMivgFBVV95cUxNQ3JhMlJidVRkbGozWGd3TWMySEZRTjZMb0lxdldwZ3U1MUx6UW4yYWZfWmxKamdTUkpEbDBwMWlveEp0ci1tdG1jWW5nR241R3VMSFFnYUpyWHd2clcwZFNtV0pzLVhudm1Xd0Y4Q3dvZTJPb2FFNDQwenIwNVBJMzhKZXFaTXZBcVpEU2IwR1hhMkgtTWhJR21zOUtxYUlTWmhGMGRhMWtEeENvcmVmMmh3eFV5UHA0NEY1UXJB?oc=5
Silver Lake’s $1.7 Billion Zuora Deal Draws Investor Challenge - Bloomberg Law News,"""""Silver Lake"" OR ""Madison Dearborn Partners"" OR ""TCV"" OR ""Ufenau Capital Partners"" OR ""Summit Partners"" when:2d"" - Google News","Thu, 29 Jan 2026 16:23:00 GMT",Silver Lake,https://news.google.com/rss/articles/CBMimgFBVV95cUxPTmFwTE5CTEZXUzFHekJpZk1PaTlETFdxU1BxY25rQ2N5TGhiSEg2Ri1mdFBPNld3bk9jMDc4Y1EydjF3MkdaSnFBYVhPQnkzTHgtc1Jvc2s0ZXZOQjJEUk5pckhvMmlJTktBc1BMRmxhdmpaM09TRXlTOVdWLWQxajJVa05tcjVCOE1zNHRIbkd2eVpOUExEZUJR?oc=5
Summit Partners Announces Global Promotions - citybiz,"""""Silver Lake"" OR ""Madison Dearborn Partners"" OR ""TCV"" OR ""Ufenau Capital Partners"" OR ""Summit Partners"" when:2d"" - Google News","Thu, 29 Jan 2026 15:14:21 GMT",Summit Partners,https://news.google.com/rss/articles/CBMijAFBVV95cUxPWEN3ekxvTllsSjBQd0pQZVdIaEtXY3hzUmJZSzQzQ1lUNjdvMEhObUxKSWkySFpGOE5xcE5fUXQ1TWI5MWFmYlRWQUhsMlZ5enY3cE8tbElISzFTdldnc3N4UHRMUmJDRjNXUGM5Q21DT3lMd3FXQ202M2dMUU1fMks2NkhQZnNVZ21meg?oc=5
Wisconsin DNR Investigating Fish Die-Off at Manitowoc’s Silver Lake - seehafernews.com,"""""Silver Lake"" OR ""Madison Dearborn Partners"" OR ""TCV"" OR ""Ufenau Capital Partners"" OR ""Summit Partners"" when:2d"" - Google News","Thu, 29 Jan 2026 18:54:57 GMT",Silver Lake,https://news.google.com/rss/articles/CBMiqwFBVV95cUxNWncyWlR6cVVKZ2syWTJSeHl1VmJzVWc0U2RabXFWV0ZkT0YwR3hwbUMxZWNfbkpIWDd2a2N3cDBFVGhhZ0tlM0pTNnFwWDFNYXpzZUJqYTVQSG54aHdZeVJuVi1SQVJSaFg4VVhaYXV3dkJteW1ibVFESzNhclpINEpaQndpQTZ5dGtUMGVTU3h5QlBzNXFTak1oTVZ4cGVpTHlzRkFpQ3IxRWs?oc=5
DNR investigating fish kill on Silver Lake in Manitowoc County - wbay.com,"""""Silver Lake"" OR ""Madison Dearborn Partners"" OR ""TCV"" OR ""Ufenau Capital Partners"" OR ""Summit Partners"" when:2d"" - Google News","Thu, 29 Jan 2026 22:15:00 GMT",Silver Lake,https://news.google.com/rss/articles/CBMimwFBVV95cUxNMXRyMDNHVEV0V0JwUzBCbGU0ODVOUC1rNmJ1bUZwUDlFSk1SQjRXb0otNXMtbUJVUkh6dkM5TGl6RnVRRDkydmk0NHpab2tuUVJUTUtVYzAybldnSVRhTjlVX3MyVFBSNXZNQUdqR1AzYmx1d25fREN4YnhkLWREWUtGS3djdjE1UG1vdDNUb1hMdFVPNkdkYTJycw?oc=5
Basketball Game Preview: Sabetha Bluejays vs. Silver Lake Eagles - MaxPreps.com,"""""Silver Lake"" OR ""Madison Dearborn Partners"" OR ""TCV"" OR ""Ufenau Capital Partners"" OR ""Summit Partners"" when:2d"" - Google News","Fri, 30 Jan 2026 05:57:27 GMT",Silver Lake,https://news.google.com/rss/articles/CBMiuwFBVV95cUxNR3FnTGJaMmg2TURUVllzMGRoQk1LekZVbTZ5NmlWUk1BcjBPZXZlODRpOFVjZVp2R3JNSHRHVEg3YjJ3bTZmUmlITWpCcFl0Mm9xNjRHeEw5QVl0ajNKTGFZTzFsWmNUR1pxZWpLTkVoUTVPZW54dDFlc3dKQUVfY0JmSVlFb3dpXy01Qm5VSTBFSlVMOWhqQ3Fxc0R2ckc4ZlBMMXFDNjdCcTA0QV9FZDI3OFZCVHNadkcw?oc=5
Silver Lake fish kill prompts investigation - nbc26.com,"""""Silver Lake"" OR ""Madison Dearborn Partners"" OR ""TCV"" OR ""Ufenau Capital Partners"" OR ""Summit Partners"" when:2d"" - Google News","Thu, 29 Jan 2026 16:49:51 GMT",Silver Lake,https://news.google.com/rss/articles/CBMigAFBVV95cUxQUWlfSHNqYnJWdU1NdGhEWGVTbWlGRF8ydUpUOWNObGR2aUZDRFNOM1RBbDAtd3V2WmpnQnpJaHN5dDRJS2xIa2RCY0NyY0RkRzZzSkZMU1NZajFQT0NSVlR6UUhLRFhWMWZodzN1MUJUWVpqY3RySHd1MThqYmlEdw?oc=5
DNR investigating fish die-off at Manitowoc's Silver Lake - fox11online.com,"""""Silver Lake"" OR ""Madison Dearborn Partners"" OR ""TCV"" OR ""Ufenau Capital Partners"" OR ""Summit Partners"" when:2d"" - Google News","Thu, 29 Jan 2026 17:41:39 GMT",Silver Lake,https://news.google.com/rss/articles/CBMivAJBVV95cUxOSXY2QVRCXzJYbmFvaklGVW1aSEVsaFlYdGx1eC1Od2RiZ0VydDZvbDNtUEluZThmZEdkNW5nWWRkSW9PdjkyckZ5UHBwZlZRSGc3b2VFTV96dGxvRWhDeUdIaEVqdzlYNGlUTWRSOUF2UHlyMXVEeEttMUNFd01zeHdINWZ1bkpqZXUtTlhfQkxQeDN2MjdhY0hMZTlzSzdpSXZ2UVdBNGpoQU14aVRCclhwM1QwV1UySHZhOXZnLUhWaWpRWFAwRGdUSW1TVTcxUURkSl9qQXBWeGNxZ1UwTTlDQXdDWEJmNEl2RXlKbnZjUW45RWRwVEhOTXFmTmNxZjBTTWNfaUdUWUZuWndRSUV6VmdBMTM3MEZHTmxrY1ZnXzBFZG9TcTRyWVBSZ0JROFQ1RjlidzRqV0lP?oc=5
Eurazeo sells its stake in ex nihilo to L Catterton - Industries Cosmétiques,"""""Veritas Capital"" OR ""WindRose Health Investors"" OR ""Audax Private Equity"" OR ""Resurgens Technology Partners"" OR ""Eurazeo"" when:2d"" - Google News","Fri, 30 Jan 2026 11:30:00 GMT","Eurazeo, L Catterton",https://news.google.com/rss/articles/CBMimAFBVV95cUxOdzFNVVVYZE8zb0ZzanZKMUZtVmpWa29BX0hxUE1sLVF3QXBOSjZTcXpQSFpycDRkbGJCS3ZHQ3VTOVdUeDc4eERXT1NmU1hfWTJkYjN3Y0I3X1BtZnhlVWdlblVXWEMwekdTdzBzQm11WkhYTzJPYk9GWU5weGJfU3Q3aWdjcGFUNjVUbWpOUjlmVFptNmM3SA?oc=5
Audax Private Equity Explores Sale of BlueCat Networks | 2026 - News and Statistics - IndexBox,"""""Veritas Capital"" OR ""WindRose Health Investors"" OR ""Audax Private Equity"" OR ""Resurgens Technology Partners"" OR ""Eurazeo"" when:2d"" - Google News","Fri, 30 Jan 2026 01:02:00 GMT",Audax Private Equity,https://news.google.com/rss/articles/CBMiqAFBVV95cUxNVjRmSWdjTEZlQzU3cG5CcGRld1VKN0EyNktna3JGNVlPczZNaVpmODR0ZVlKVzZsNzZLVHRsWU1ydHdvSjg3MFNBWFhIQ2hmNTNOZmVtcTZrU3p4MVpmYnBUZ0NJSF9QTDF4UHVvSzNKZ0dMT3dQbTZaQlBXUWUyOElDbzRlZDMzbU15MDNzZEltQXAyRXBBakNzLXg2N0VMNk1YX2F1bHc?oc=5
Audax Private Equity Reviews $1.5 Billion Sale Of BlueCat Networks (CORRECTED) - Benzinga,"""""Veritas Capital"" OR ""WindRose Health Investors"" OR ""Audax Private Equity"" OR ""Resurgens Technology Partners"" OR ""Eurazeo"" when:2d"" - Google News","Thu, 29 Jan 2026 21:24:00 GMT",Audax Private Equity,https://news.google.com/rss/articles/CBMivAFBVV95cUxPdFJFdjhKQWFvQTQyOS1qUUJPT19FOTlTeGV1dmJfWmR0Zmx5VkRhVFpLNmo2Y0QxQlgxazRSUkFXQ19MeHJQeTc1SENpdUxEVFdwOHdmdGw1dTBkU1hLTVljNFF4Yy1rTDZmZUs5cjFGdW1BSGlULVFkOEpsQjBrRzc5QVpDTzhJZ1ZkSWN2bVA0Nl9nTnk2NkktR3lNcVRpQlJfN05BUUFfQ1hKdmpSYzU0SENZQnYybE9hMg?oc=5
Zuora Investor Sues Over $1.7B Silver Lake Take-Private Deal - Law360,"""""Silver Lake"" OR ""Madison Dearborn Partners"" OR ""TCV"" OR ""Ufenau Capital Partners"" OR ""Summit Partners"" when:2d"" - Google News","Fri, 30 Jan 2026 00:00:00 GMT",Silver Lake,https://news.google.com/rss/articles/CBMioAFBVV95cUxQZzRCSkdKNGFRY2xsQUhEQ1BSanZ5RFRLMlN1clQwRldNRWhJM3RfU2Yxd3ZJSEJFeTNCcFl4SmZlZ3c0NzZPQ2xQY2NwZkViaURyd01JRldxU0RjS0ZKbW5QU1I5OW9uWVRnRERpY3RDa0F1d2tXclBZZlgxbHBOVWwxZzdpdHEwZzZuZUxJM2RpdW5Wb2s2VTM4X01PZzhL0gFWQVVfeXFMTmZvNTlwZ3VTbVVCMXpyUFVDcVl5SjI3TXpvcC1uaWdWalUtakZjU0xpVk53aWszQ2JLTWp3ZUNOdUlRMEpSVVVNaXlkYkl4YVRfSEtKWkE?oc=5
Digitide Q3 FY26 Revenue Up 6.5% as Tech & Digital and TCV Bookings Hit New Highs - TipRanks,"""""Silver Lake"" OR ""Madison Dearborn Partners"" OR ""TCV"" OR ""Ufenau Capital Partners"" OR ""Summit Partners"" when:2d"" - Google News","Thu, 29 Jan 2026 16:46:14 GMT",TCV,https://news.google.com/rss/articles/CBMiygFBVV95cUxQdlBRdXFybDhocXpJanJGU2NlVjdURjYxbDZZOE9HLV9wYlpFamVJR0RqWThYN0lBM3B3LWFXNE5QM3lwYzdGZXd1dE9QcXV1dXlVV0V1ZVU4MmEwNjBJcUd4Vm1HUThZYXdSQ3VoWVBCdFJUdHFmbmozVFhNa2x1WFlkdldLdkZxaW5PemcyU3hXQ21LT3RzQkFTRmVnS3E0dWtsRTluMjIwbWFFY216LVc3NXhMQy01ZXVwbUhuUDhGX0p4RkNOa2l3?oc=5
TPG launches tech-focused insurance platform Third Wave Insurance - Insurance Business,"""""Wynnchurch Capital"" OR ""Water Street Healthcare Partners"" OR ""TPG"" OR ""Spectrum Equity"" OR ""Altaris Capital Partners"" when:2d"" - Google News","Fri, 30 Jan 2026 08:08:05 GMT",TPG,https://news.google.com/rss/articles/CBMizAFBVV95cUxPR2paU2xLenIxLUxTZVdqQXJwVHdHWDZtdWEwMmM1TnpfR1BxTjAyV19XWHpUM0FQSFMxc1BjVk9wNlVyM0FJQ1R3UTZmbHc3UjJ6bXlHNmJRbkVVcjZRMW5BR2VpSEpJNHg1T3o2SGZzc0JKbjNwQUN1RTB5S29HeWw2U3V5Y0V3LWh3Ri1EMFpMazY4LVhsYWd2dmRrRUNZeHMzWEpjdTd3T3VjMXU4TEdkWE1BUWcwR3ZUcnF6WHoxMFB2SkZjMjloN0E?oc=5
Here are all the winners of the 2026 TPG Awards - The Points Guy,"""""Wynnchurch Capital"" OR ""Water Street Healthcare Partners"" OR ""TPG"" OR ""Spectrum Equity"" OR ""Altaris Capital Partners"" when:2d"" - Google News","Thu, 29 Jan 2026 18:49:37 GMT",TPG,https://news.google.com/rss/articles/CBMiZEFVX3lxTE1kWkRLR2FwdGRITHMxeTJLSG1OMmdRbi04Tk5vaWhXUVRCOXkxVUcyazBsZTEtMlJWc0hoQ1U0UFRhWWl1djc3bWlKNlY1VDRISmVTTFl0dm9KY2NtUnVlQmUtSk4?oc=5
"TPG launches insurance platform, Eagle Point partners with California lender - Alternatives Watch","""""Wynnchurch Capital"" OR ""Water Street Healthcare Partners"" OR ""TPG"" OR ""Spectrum Equity"" OR ""Altaris Capital Partners"" when:2d"" - Google News","Fri, 30 Jan 2026 01:14:47 GMT",TPG,https://news.google.com/rss/articles/CBMitAFBVV95cUxPWkdJclhzb3VOR3Q0R2VrU2ZLLS03UEhSWkRocGhqdGpQLWxUVHhmYzM2QW5heUxGVi1lckR1TmVOSG9uczF5aWNpTTMxeWhVUG8wNXNVSW5RMHBQa3k3V0gza0NIbFRwMGYzZGRtVjU5cWZIRm54eDhhVjdBN2NXR0Q0czZRZ2tSblppeExDaGVCang2Wld6OEZPaDNJVnplcFF3dUx4blgyYlRieUY4MGtqQl8?oc=5
THE POINTS GUY ANNOUNCES WINNERS OF THE EIGHTH-ANNUAL TPG AWARDS - PR Newswire,"""""Wynnchurch Capital"" OR ""Water Street Healthcare Partners"" OR ""TPG"" OR ""Spectrum Equity"" OR ""Altaris Capital Partners"" when:2d"" - Google News","Thu, 29 Jan 2026 19:00:00 GMT",TPG,https://news.google.com/rss/articles/CBMivAFBVV95cUxOR0VtdkdZYnJhU0N0M2tRbzZWTFEybUdLbXdxZlpZYXp1SUhhZDRVa1lGMXpqa2ticjJqZUxZbF9Ma2YyRjQyM0VCQWExanBpTE9tVV90cTc1MEtCM3l3UG9pUlVieDRaQUlGYjZ4SjV2cUFjYXhwZUszeE9WdzQtOHRaUkhsdk9YZmllSFVUV2JUU0VJLXF4Vl9USE1WUThkblZmczVvby1OVVROWUNaMkNiY2NZQ2xodjJydg?oc=5
TPG amasses handful of Harwood District towers with plans for major upgrades - The Business Journals,"""""Wynnchurch Capital"" OR ""Water Street Healthcare Partners"" OR ""TPG"" OR ""Spectrum Equity"" OR ""Altaris Capital Partners"" when:2d"" - Google News","Fri, 30 Jan 2026 00:12:00 GMT",TPG,https://news.google.com/rss/articles/CBMimAFBVV95cUxOeXROYS01dm9sa1NLMzRMYUxaZDNndGkwTy1uOXU2emg2ejE3V0hqRm4ySE1lT2EyQi1BOFZZVy1zWV9QYkZZZVQ2cHJzSUIxOEVxS2hfWjNxdjlUYkZUejRsRFowbnZJTDhocGVEams2Z2paSlJudDR3T1cwRjk3b3kyUkJVdlZVYzVndTJxWE5wd3A0dzZMdA?oc=5
"TPG RE Finance Trust, Inc. Announces Tax Treatment of 2025 Dividends - Business Wire","""""Wynnchurch Capital"" OR ""Water Street Healthcare Partners"" OR ""TPG"" OR ""Spectrum Equity"" OR ""Altaris Capital Partners"" when:2d"" - Google News","Thu, 29 Jan 2026 21:10:00 GMT",TPG,https://news.google.com/rss/articles/CBMiwgFBVV95cUxQRGdXaVRHbWRPdTBkeG1HaUhpbGZJRjBzelJ6cjMzMG1KcHU4WG9kSmhvQmxUVEFCR0dmQlY4X2FVUFhhd2RjSjhQUU5FX0twOGxpUEh0dEZaS09CdTZUMG1hZGVwcmUxbW9FSXJTczdHcENOaTJ0bTVKRi1CUW1fM1BYYjBoMEtNcFl1OTJJdWpVYnE2NnpZenI0Rm1qWGtNVlMxZlliRl9aNzY4MVV4aVRvOXFMYjVvQjcyclJvUTU4Zw?oc=5
TPG Buys Fifth Harwood District Building For Trophy Office Upgrade - bisnow.com,"""""Wynnchurch Capital"" OR ""Water Street Healthcare Partners"" OR ""TPG"" OR ""Spectrum Equity"" OR ""Altaris Capital Partners"" when:2d"" - Google News","Thu, 29 Jan 2026 22:47:51 GMT",TPG,https://news.google.com/rss/articles/CBMi5AFBVV95cUxQdVpqUGVyWllGQ3hhZWtfMG9OQ05uSm03OGM1MlozSFg3SmJERWs0X01ZR29jM0xENENubm5OLWRHM0hhc3hxVHNQVUhVM3dvbEtDeUhSZW1mdHVLdmJra1AzYmhTXzNtUHpxRVhPQUp4T3Yxek53MWdQakN4ejNwbFp0Q1BpU0FyY3ZaVEJCd0pBSTR0bkdKZk9lNFkya0N1eVFFOEx6c216Y2xfVVoxcV9WOU9WT2xfVmJ1Vld1SmM1U0ROSVFrMk13UUgwb0dtQnZydWEwUUtUUkdvSGZlSGFYM2o?oc=5
The best business-class winners from the 2026 TPG Awards — and new seats we're excited about - The Points Guy,"""""Wynnchurch Capital"" OR ""Water Street Healthcare Partners"" OR ""TPG"" OR ""Spectrum Equity"" OR ""Altaris Capital Partners"" when:2d"" - Google News","Thu, 29 Jan 2026 18:56:15 GMT",TPG,https://news.google.com/rss/articles/CBMieEFVX3lxTE00TVRHV3hmS3ZvOUt2VFVFbzdXcmc3eG52OUtaTktCLUdlbEkxbmdtbGl0WExHUVpsWHVyckZFQkUtZmVPZXBnc3hKeXJSbHlYQ2g5OVBhdUdoeGFEeWd2WlpoYW5Tc2tUWmJIaGlWNXp4Q3ZzaE0xeg?oc=5
These are the airlines and frequent flyer programs that won TPG Awards this year - The Points Guy,"""""Wynnchurch Capital"" OR ""Water Street Healthcare Partners"" OR ""TPG"" OR ""Spectrum Equity"" OR ""Altaris Capital Partners"" when:2d"" - Google News","Thu, 29 Jan 2026 18:26:28 GMT",TPG,https://news.google.com/rss/articles/CBMic0FVX3lxTE1wWlo3ZERIa2dMYnJ4NGNQeDk1LUJZU053UTZUNVlkVzBtSk1PSUw3TlItZk5JcU1IZTBETS00TnEyR2FRR2JnbFEyQUt3QTlwanNMTndnYXRGa2hieUhKc3NMTWJ1R2FHSHR5ZnlqNkNHUGc?oc=5
The 13 credit cards that earned a spot 'In Your Wallet' for the 2026 TPG Awards - The Points Guy,"""""Wynnchurch Capital"" OR ""Water Street Healthcare Partners"" OR ""TPG"" OR ""Spectrum Equity"" OR ""Altaris Capital Partners"" when:2d"" - Google News","Thu, 29 Jan 2026 18:56:15 GMT",TPG,https://news.google.com/rss/articles/CBMigAFBVV95cUxObGZydE9yWEF1cUtsQWprM0Y5cTY4T3RpY0psSWRHOER0Uzc2NEpDQndXWGpGRFQ1bFpmZjF3OThHNXVJVmdydHhjM0NTTF9lX2sxRTBpbFJoVmstanVHbmdkVGlWNTJBUGNRYTVZaXAwRDBsNWJSajdpTkZqQVVwRA?oc=5
The best airport lounges from the 2026 TPG Awards — and the top card for gaining access - The Points Guy,"""""Wynnchurch Capital"" OR ""Water Street Healthcare Partners"" OR ""TPG"" OR ""Spectrum Equity"" OR ""Altaris Capital Partners"" when:2d"" - Google News","Thu, 29 Jan 2026 18:46:24 GMT",TPG,https://news.google.com/rss/articles/CBMifEFVX3lxTE1NTkRid0d3Q3gtemc4ZzZoa2M3eFVDX0FEM25kcDY0LXRnbV9MS2dvY1JzMER1d1JCYkx5WmcwbGhOdEEyZENpeURoWUpqZ29XMkh0d3hNSWE2dmNqS1RvVmQxTUZIMXVuTVFHX2tEenZuMUMzd25ucnFDODc?oc=5
"These are the cruise lines, ships and itineraries that won TPG Awards this year - The Points Guy","""""Wynnchurch Capital"" OR ""Water Street Healthcare Partners"" OR ""TPG"" OR ""Spectrum Equity"" OR ""Altaris Capital Partners"" when:2d"" - Google News","Thu, 29 Jan 2026 18:34:12 GMT",TPG,https://news.google.com/rss/articles/CBMicEFVX3lxTE0wbXFRR1RSdlV0LUdEeG9xZmphY2xPdGRxXzZPQW1wQks3cnZCMzh1ZElSaEZnMURSV2RYMWpvYWRCZlB3N3ZrZFZncUppRVlqR21Xcmp4YlI1ZWZHb2hraVA2S3FBUlVpRWFld2hYckw?oc=5
News | Record industrial rents shattered as Bloom and TPG Angelo agree £47 per square foot letting - CoStar,"""""Wynnchurch Capital"" OR ""Water Street Healthcare Partners"" OR ""TPG"" OR ""Spectrum Equity"" OR ""Altaris Capital Partners"" when:2d"" - Google News","Thu, 29 Jan 2026 17:38:41 GMT",TPG,https://news.google.com/rss/articles/CBMivgFBVV95cUxNVkE0cml0MWFJM0w4UFZ1MHJKdE9QRV85eURrZEt0RHdEeFRuTmlyS1I5cVNkRGxNazJib0lUaWhWV29rSXlBa2FzZ0FXSllRdThEU3QyazJSaWxZejQtUV9RcW1jWmtDY3Q1NThyRnBXbzZ2MzFpOG1KRlR3eTJacUhfU19UWjYyc0twVmNyWDJleEZPSjFuUG9hc01iVm9kWlFrQnRUS09tT1JBNm9JMXY1VFlnbFQ4REFKZ09B?oc=5
These are the best hotels and loyalty programs that won 'On the Ground' TPG Awards this year - The Points Guy,"""""Wynnchurch Capital"" OR ""Water Street Healthcare Partners"" OR ""TPG"" OR ""Spectrum Equity"" OR ""Altaris Capital Partners"" when:2d"" - Google News","Thu, 29 Jan 2026 18:29:45 GMT",TPG,https://news.google.com/rss/articles/CBMiekFVX3lxTE9XNUxhTVY5ZVEweDFPdFhVUnBrX1NxR0gzQzMxbnBFNGxsZm1rVmtqblA1RXpDdXZwenptSWljd0lzZVFBYVJnZms5R3pSTHJ1cm9qU2NwUDNyX3oxNU4xaFZuR3RSWWk0S010S211MjBlZld5S2pCSlh3?oc=5
"Bridgepoint Buys Back and Cancels 50,000 Shares in Ongoing Repurchase Programme - TipRanks","""""Francisco Partners"" OR ""Rhône Group"" OR ""Bridgepoint"" OR ""Onex"" OR ""Pamplona Capital Management"" when:2d"" - Google News","Fri, 30 Jan 2026 07:58:57 GMT",Bridgepoint,https://news.google.com/rss/articles/CBMiygFBVV95cUxQSmtmaGt4STFHNVZEeklId3RWRXhpMHBJSHNucHdTNC14c2Y1UmdUcGgzbHptdnpzc2N5RUt1c05YYXNyb3UwMlY3OExLN0NvSDI1QUdhdzFodVgyVW9SdEFrZ1lDQWlYZzlOVExSeU5FOHNFVVlwMmdRbG52am8tdlF4QW1QVmIwSDhJLUdtQkU2bjhGUFd6V0JCcVZ6cG1Gd01DR0hHZXhNb0tKeEhWTUhvNDFmMlFPZnpQRVJEZ1d4QmkwbEpnbWFB?oc=5
Bridgepoint Group (LON:BPT) Shares Up 0.4% - Here's What Happened - MarketBeat,"""""Francisco Partners"" OR ""Rhône Group"" OR ""Bridgepoint"" OR ""Onex"" OR ""Pamplona Capital Management"" when:2d"" - Google News","Fri, 30 Jan 2026 08:20:43 GMT",Bridgepoint,https://news.google.com/rss/articles/CBMisAFBVV95cUxPRnFoYW91RG9wQlZWb3FkSTlfa1dPWVpvTjdVeml4c2tHZERNVDhDc21paVBicXoxU1EwUUs3VmtOakRxQk55ZVROa0ZZQ2pqdmlDQ09IOHF2SkFYci1HV0VfdEJoQjVRMnFwMUFDQjVybjJ5SWp1cjgycW9Tbk82YWhTWkNaakk5djFUYTlQNlFnOUJkMDFycUJqODFwMDVFX3MyMzdubGxVMUk1dXB1SQ?oc=5
Interpath open to M&A after Bridgepoint takeover - The Wall Street Journal,"""""Francisco Partners"" OR ""Rhône Group"" OR ""Bridgepoint"" OR ""Onex"" OR ""Pamplona Capital Management"" when:2d"" - Google News","Thu, 29 Jan 2026 14:23:32 GMT",Bridgepoint,https://news.google.com/rss/articles/CBMilANBVV95cUxOOFVTVXhIc25qTWptbmNnb2FGOGprbUZ4YkhuMGZXbmFkVy1nWlowakRqU3JZZG9aUmw4aXFleVVIR3FyQ3Y3OUZxZEkzZHU2M3l4cHZzeUV3SV9rSk9UcFJ2QUhzWTFmYnljQ1dPTzZRUTJTRnpBeTFEejVWQzJQY2l3YkJUUkdiekNUNmxvcFRMeHhXS3FidnlLcEJtTlhpWGpvbUU5TWhmVzhJamVqbENkWG5CVFJydGNzNF90STNjZzZhUlZJZ1FpTnpPUFhZWklxZFktdGlOY29KeDNPYzVJRUNTdDNjMWlCNHBRWkxIMTZhZEtpRnRRNHlrYmNEbG45YnVUOXBaeDloSjFBbUFhM1lYcktyNU9LRXhJdE5KRnFSZjBQSGVzNUh3cnZ5VDM1TkYyYjBuMUtfdTNHN2dGQ25IeUNqZVpCREVSRzc1WU55djNqU3ZnYjB0RXVkYzI2MG55OTBMSmd0bFpPRXhpN3AzTXMtX0pSb2doS2xPMDlGQmU4N3UybzFhVDNQaHY5dtIBmAFBVV95cUxNSDE5S2plYTRFMzdXb1FXZUFIRVdLcFczRGE0Vkx5MDdWVlBaOFllWHlEdlMtenc4aHZSN0V5TVU2Z1otZ2NYcjltQVd6LXptNFI0VXExN2FQVy1rTWRMZ1doRTZ4aEtCNURRMmVaeTNoOTlvMGI2aGwzeDlsMmJMUlN5SmxvU0dQQzYzZXFPN20xbUJuTGtOZw?oc=5
"Clayton Dubilier & Rice LLC Has $573.71 Million Stake in Resideo Technologies, Inc. $REZI - MarketBeat","""""Clayton Dubilier & Rice"" OR ""The Sterling Group"" OR ""Housatonic Partners"" OR ""Hellman & Friedman"" OR ""Inflexion"" when:2d"" - Google News","Fri, 30 Jan 2026 10:15:26 GMT",Clayton Dubilier & Rice,https://news.google.com/rss/articles/CBMi2wFBVV95cUxNYVEwbGh3dlVxbWd0dktWSVZrMmozYzNlM3hGLUV3VVB0MllsTHEyZkJsWDNaSklURVJFZmk2U0hBTS1NYzlTMFlSNkhsT3RkT1d5MmRzYVZMcHYxbmZoTjNtcHUtVWJZdUpBblFrWnlsc1JBeTdtS3lhRndWMXNVNmd4eUJEc1UtZzdybmh0YzBINktlWXZvUG1LWmtTTk5VbS1Wb1pkR29DWjdJSW9vbUgzbnFuWUROVjF6aVJIWHVObjlzaWUyNDZNMmJSZmFJTnBaa1JpVk1SNVE?oc=5
Bloom and TPG score industrial portfolio record rent amid flurry of leasing deals - propertyweek.com,"""""Wynnchurch Capital"" OR ""Water Street Healthcare Partners"" OR ""TPG"" OR ""Spectrum Equity"" OR ""Altaris Capital Partners"" when:2d"" - Google News","Fri, 30 Jan 2026 10:16:49 GMT",TPG,https://news.google.com/rss/articles/CBMipgFBVV95cUxQV0lVd3piOWNFbFFFQ3lCRFdZTmRjcTdLejFCSG1tUVU5V3pWWUlpVFloZmsyd24zOTVOSXd1WVZiSkQ5QmFiQXFXdFprWUczemJQNm1qT1JjM21QVXhiOGZxaWowendGZXV0WkFEOWRBQW9YM1lOLU1OY1VXSVFMWGF4QzVybGdrLXJlc19YOFM4N0NDUWZTMEstOV90WlFBYm96MFBB?oc=5
Blackstone weighs $1bn-plus sale of Interplex ICT unit - Private Equity Insights,"""""General Atlantic"" OR ""L Catterton"" OR ""Permira Advisers"" OR ""American Industrial Partners"" OR ""Blackstone"" when:2d"" - Google News","Fri, 30 Jan 2026 10:33:42 GMT",Blackstone,https://news.google.com/rss/articles/CBMihAFBVV95cUxNS3ZaRW1TLXFoanNIem40UXFaYmtmSEl3YnRPVlIyQXdQRllxSWZTaTVmbkc0VnRqdk5WRGFnYjdrcnRyN0x0eDcwNWY0NkRyS1ktNlBxLUx1R1gzREwzcmcyaTJ2RGdnZWtRRng4Tkp3dWREMW15S2NzSHgtbHRxRVBLOHQ?oc=5
​Blackstone raises $4bn during the fourth quarter for its infrastructure fund - IPE Real Assets,"""""General Atlantic"" OR ""L Catterton"" OR ""Permira Advisers"" OR ""American Industrial Partners"" OR ""Blackstone"" when:2d"" - Google News","Fri, 30 Jan 2026 12:53:34 GMT",Blackstone,https://news.google.com/rss/articles/CBMiwgFBVV95cUxQRS1maWo0R0J4cUd6a1B0d3k2UU1lX2d3MWl1NFhlSWZjRXptS3lWZmJsV29qS0FaR3hObHB4LVdpSWpoZ3dZd0k4NGozenRvUkFYNm9xcUEtWGZIUGZqdWpTMUJDZXBqaUtXQ0dNZFBUeW9WRUxPZ19CY1FLejhkYU1XNHUwbTdHdks2QUpXVVNCSml0Vld2eW5hWWpxakFPcnJnbjZCRjN4X1VDd2N6bHBJeS1vSGRkeVJDa2FGdC1BQQ?oc=5
Blackstone saw record year for secondaries deployment - Secondaries Investor,"""""General Atlantic"" OR ""L Catterton"" OR ""Permira Advisers"" OR ""American Industrial Partners"" OR ""Blackstone"" when:2d"" - Google News","Thu, 29 Jan 2026 20:16:06 GMT",Blackstone,https://news.google.com/rss/articles/CBMilAFBVV95cUxNQTZlTk9KUUFTZmhCS2lURFRXY2N3YWZmRjc0bnR4azdsTFYzY0NJeDZicmF3U0tVLUxHWU9PR3pGNGRpX0NpNVRKZ3BoaU40T2Rpd1RxOTIzVUxWRi1Ea0IwTEl0RW40ZXJHSzhqNk1TQk1fcmNJZTNxaGdGMmxZVTZhWlhpa0VkUm5LdTFzRV94c2dQ?oc=5
Two big Blackstone deals headline busy CMBS market - Green Street News,"""""General Atlantic"" OR ""L Catterton"" OR ""Permira Advisers"" OR ""American Industrial Partners"" OR ""Blackstone"" when:2d"" - Google News","Fri, 30 Jan 2026 08:02:41 GMT",Blackstone,https://news.google.com/rss/articles/CBMikAFBVV95cUxPZC00MVRSN0NUUXg0YkFTcWR2Y3dWM29keXNLeGRsLU9UMERfaHZSRE9leThVYzJmejZOVHBWUkFCRGJLTFlwbFRYN24zNEZUQVFjNjNfOWoxOWdBblIzNVBINlI0RGZyZGdHOTZpRnE1SkVfYXBCZWstU0MwamFZWmUzdlVTVkhDOWJweUZoU20?oc=5
Antero Resources Debt Deal Reshapes HG Energy Acquisition And Risk Profile - simplywall.st,"""""Webster Equity Partners"" OR ""Livingbridge"" OR ""Hg"" OR ""HayFin Capital Management"" OR ""Stone Point Capital"" when:2d"" - Google News","Fri, 30 Jan 2026 11:39:40 GMT",Hg,https://news.google.com/rss/articles/CBMiyAFBVV95cUxNdldtbl9GbFE4bER3Z1J1Njh3ZHFNeFVCczBTSXJFaWkxbEZBaWY1MWFTNWJVY1VtaUdqNzlCekNUd2hPVjd6LVd2SWNYZUQ1akNJTFF6elB3N2dOVm9VUWFmLVNkQWlCTEdQSDF6T3BWQUhNQTJpZG9FeE9FNW52alFwQnQ5Y3h2UHFMMlNoSU83d25WM05IRXQ2NWd5RTAtOEFfNWNhaHpzN3A0bE5zaHhkV3p6cVpKazFVamttSmNOT1Z3ekxDSQ?oc=5
Scientists develop high-performance Hg-based crystal for mid-far infrared birefringence - Phys.org,"""""Webster Equity Partners"" OR ""Livingbridge"" OR ""Hg"" OR ""HayFin Capital Management"" OR ""Stone Point Capital"" when:2d"" - Google News","Thu, 29 Jan 2026 19:42:22 GMT",Hg,https://news.google.com/rss/articles/CBMidkFVX3lxTE1YaDU2OVRxOExtWERKblZjQ2JudE5OUUhianVRLURhMjlVbzB0LXg1NVVVUWxKcUlNUGRsWVRqUFBOSVBxTkRZcjZ2TzhfWW9ELTNyODR4NDByTHl1QlVJb2hpTHdxZnhUX1JtQVY4RzE4Tk4ybVE?oc=5
Key facts: Antero Resources raises $750M for HG Energy II acquisition; files Form 8-K - TradingView,"""""Webster Equity Partners"" OR ""Livingbridge"" OR ""Hg"" OR ""HayFin Capital Management"" OR ""Stone Point Capital"" when:2d"" - Google News","Thu, 29 Jan 2026 20:04:08 GMT",Hg,https://news.google.com/rss/articles/CBMi3AFBVV95cUxQWTVpRlo3TmJucFRZYVRCV1pHWXpGVnFScGhCZUJieGZnRmxrTl9IS3RVNFVCV0I5bzR5OHhLUXZsZGJudC1qTm1IT2tQWFJJME5yYTJVbWVnYi01RmYzS3N0eGd2NTVYM0JKSXR5RmVNV0oxSXRsVVo4MndfZXdLZ0diSlVKNWEzclI3ODk1VHVlOXJvOVZnWXJIMmM4SUNBSHp3RDhkamQzbDNsc05QeGNVZDVyekJiX1ZKNUpsaGR6cDQxY0k4U01NSjJZXzJaMVVxRno4dnhoREVW?oc=5
sram HG drive 12 spd cassete - Bike Hub,"""""Webster Equity Partners"" OR ""Livingbridge"" OR ""Hg"" OR ""HayFin Capital Management"" OR ""Stone Point Capital"" when:2d"" - Google News","Thu, 29 Jan 2026 22:23:57 GMT",Hg,https://news.google.com/rss/articles/CBMijAFBVV95cUxNNFBNS1V5MGRHMlEyMTJwWE16aWlQMnVxTHBWMnJYZFZZcmlCZ2E3TE41SkhuYTF5aWpKQ3hNa2xjVVBlWGU5c1hMckpSdkdzaFpxRjZLX3pwcU5CZHM3WU9PaUMyZmoybEhSeWlmY3pfSjVvUlZGbGxHdTBNUFJtczU0S0hURVZnbk1zTw?oc=5
